source_file,line,reference,category
_redirects,1,/,code/config
_redirects,1,/prototype/homepage-v3/,code/config
_redirects,2,/download/,code/config
_redirects,2,/buy-license.html,code/config
_redirects,3,/guides/,code/config
_redirects,3,/support.html,code/config
_redirects,4,/privacy.html,code/config
_redirects,4,/privacy/,code/config
_redirects,5,/eula/,code/config
_redirects,5,/eula.html,code/config
_redirects,6,/legal/privacy.html,code/config
_redirects,6,/privacy/,code/config
_redirects,7,/eula/,code/config
_redirects,7,/legal/eula.html,code/config
_redirects,8,/installation-guide.html,code/config
_redirects,8,/guides/,code/config
_redirects,9,/pospal-demo-coffee-desktop.html,code/config
_redirects,9,/download/,code/config
_redirects,10,/pospal-demo-coffee-mobile.html,code/config
_redirects,10,/download/,code/config
_redirects,11,/,code/config
_redirects,11,/qr-menu-demo.html,code/config
_redirects,12,/,code/config
_redirects,12,/menu-estiatoriou.html,code/config
_redirects,13,/qr-menu-gia-estiash.html,code/config
_redirects,13,/,code/config
_redirects,14,/,code/config
_redirects,14,/paraggelies-gia-estiash.html,code/config
_redirects,15,/dwrean-dokimi-30-imeron/,code/config
_redirects,15,/download/,code/config
_redirects,16,/pda-gia-kafeteries.html,code/config
_redirects,16,/pda-gia-kafeteria/,code/config
_redirects,17,/times.html,code/config
_redirects,17,/times-systimatos-parageliolipsias/,code/config
_redirects,18,/qr-menu-estiasis/,code/config
_redirects,18,/,code/config
_redirects,19,/asyrmati-paraggeliolipsia.html,code/config
_redirects,19,/asyrmati-parageliolipsia-estiasi/,code/config
_redirects,20,/guides/,code/config
_redirects,20,/guides/connect-staff-devices/,code/config
_redirects,21,/guides/,code/config
_redirects,21,/guides/test-order/,code/config
_redirects,22,/guides/,code/config
_redirects,22,/guides/food-truck-mobile/,code/config
_redirects,23,/guides/,code/config
_redirects,23,/guides/first-week-optimization/,code/config
_redirects,24,/guides/,code/config
_redirects,24,/guides/logariasmos-kai-pliromes/,code/config
_redirects,25,/guides/,code/config
_redirects,25,/guides/proto-menou-kai-qr/,code/config
_redirects,26,/guides/,code/config
_redirects,26,/guides/seasonal-management/,code/config
_redirects,27,/guides/,code/config
_redirects,27,/guides/beach-bar-setup.html,code/config
_redirects,28,/guides/cafe-optimization.html,code/config
_redirects,28,/guides/,code/config
_redirects,29,/guides/,code/config
_redirects,29,/guides/qr-menu-best-practices.html,code/config
_redirects,30,/index.html,code/config
_redirects,30,/s/*,code/config
times.html,9,https://pospal.gr/times.html,code/config
times.html,15,https://pospal.gr/times.html,code/config
times.html,16,https://pospal.gr/static/img/pda-phone-pospal-during-service.webp,code/config
times.html,23,https://pospal.gr/static/img/pda-phone-pospal-during-service.webp,code/config
times.html,24,/static/img/pospal-icon-96.png,code/config
times.html,25,/static/img/pospal-icon-180.png,code/config
times.html,26,/static/fonts/Inter-Regular.woff2,code/config
times.html,27,/static/fonts/Inter-Bold.woff2,code/config
times.html,28,/static/css/fonts.css,code/config
times.html,29,/static/css/seo-acquisition.css?v=20260901-2,code/config
times.html,30,/static/css/system-money-page.css?v=20260831,code/config
times.html,31,/static/css/pricing-buyer-guide.css?v=20260901-3,code/config
times.html,32,/static/js/ga-consent.js,code/config
times.html,33,/static/js/ga-events.js,code/config
times.html,40,https://pospal.gr/times.html#software,code/config
times.html,42,https://pospal.gr/times.html,code/config
times.html,60,https://pospal.gr/times.html#faq,code/config
times.html,75,/static/css/legal-links.css,code/config
times.html,81,/static/img/pospal-icon-96.png,code/config
times.html,85,/download/,code/config
times.html,100,/download/,code/config
times.html,101,/guides/windows-installation/,code/config
times.html,115,/download/,code/config
times.html,139,/systima-paraggeliolipsias.html,code/config
times.html,154,/static/img/pospal-desktop-order.webp,code/config
times.html,189,/static/img/pda-phone-pospal-during-service.webp,code/config
times.html,190,/pda-ti-einai.html,code/config
times.html,196,/guides/qr-menu/,code/config
times.html,197,/static/qr-menu-live-preview.png,code/config
times.html,204,/guides/printer-setup/,code/config
times.html,227,/sxetika-me-to-pospal/,code/config
times.html,242,/guides/windows-installation/,code/config
times.html,242,/download/,code/config
times.html,245,/eula/,code/config
times.html,245,/privacy/,code/config
times.html,245,/terms/,code/config
times.html,248,/pda-ti-einai.html,code/config
times.html,248,/guides/,code/config
times.html,248,/systima-paraggeliolipsias.html,code/config
times.html,248,/download/,code/config
times.html,248,/sxetika-me-to-pospal/,code/config
times.html,248,/arthra/,code/config
times.html,251,/eula/,code/config
times.html,251,/dpa/,code/config
times.html,251,/cookies/,code/config
times.html,251,/subprocessors/,code/config
times.html,251,/privacy/,code/config
times.html,251,/terms/,code/config
times.html,251,/legal/,code/config
terms/index.html,9,https://pospal.gr/terms/,code/config
terms/index.html,10,https://pospal.gr/en/terms/,code/config
terms/index.html,11,/static/css/site-redesign.css,code/config
terms/index.html,12,/static/css/legal.css,code/config
terms/index.html,13,/static/css/legal-links.css,code/config
terms/index.html,14,/static/js/ga-consent.js,code/config
terms/index.html,17,/times.html,code/config
terms/index.html,17,/download/,code/config
terms/index.html,17,/en/terms/,code/config
terms/index.html,30,/eula/,code/config
terms/index.html,30,/dpa/,code/config
terms/index.html,30,/cookies/,code/config
terms/index.html,30,/subprocessors/,code/config
terms/index.html,30,/privacy/,code/config
terms/index.html,30,/terms/,code/config
terms/index.html,30,/legal/,code/config
systima-paraggeliolipsias.html,9,https://pospal.gr/systima-paraggeliolipsias.html,code/config
systima-paraggeliolipsias.html,15,https://pospal.gr/systima-paraggeliolipsias.html,code/config
systima-paraggeliolipsias.html,16,https://pospal.gr/static/img/pospal-desktop-order.png,code/config
systima-paraggeliolipsias.html,20,https://pospal.gr/static/img/pospal-desktop-order.png,code/config
systima-paraggeliolipsias.html,21,/static/img/pospal-icon-96.png,code/config
systima-paraggeliolipsias.html,22,/static/img/pospal-icon-180.png,code/config
systima-paraggeliolipsias.html,23,/static/fonts/Inter-Bold.woff2,code/config
systima-paraggeliolipsias.html,24,/static/css/fonts.css,code/config
systima-paraggeliolipsias.html,25,/static/css/seo-acquisition.css?v=20260901-2,code/config
systima-paraggeliolipsias.html,26,/static/css/system-money-page.css?v=20260921-1,code/config
systima-paraggeliolipsias.html,27,/static/js/ga-consent.js,code/config
systima-paraggeliolipsias.html,28,/static/js/ga-events.js,code/config
systima-paraggeliolipsias.html,77,/static/css/legal-links.css,code/config
systima-paraggeliolipsias.html,84,/app_icon.ico,code/config
systima-paraggeliolipsias.html,92,/download/,code/config
systima-paraggeliolipsias.html,104,/download/,code/config
systima-paraggeliolipsias.html,124,/static/img/pospal-desktop-order.webp,code/config
systima-paraggeliolipsias.html,126,/static/img/pospal-desktop-order.webp,code/config
systima-paraggeliolipsias.html,138,/guides/?guide=app-tour,code/config
systima-paraggeliolipsias.html,147,/static/qr-menu-live-preview.png,code/config
systima-paraggeliolipsias.html,149,/static/qr-menu-live-preview.png,code/config
systima-paraggeliolipsias.html,155,/static/qr-menu-live-preview.png,code/config
systima-paraggeliolipsias.html,157,/static/qr-menu-live-preview.png,code/config
systima-paraggeliolipsias.html,185,/download/,code/config
systima-paraggeliolipsias.html,189,/times.html,code/config
systima-paraggeliolipsias.html,197,/guides/?guide=windows-installation,code/config
systima-paraggeliolipsias.html,198,/guides/?guide=settings,code/config
systima-paraggeliolipsias.html,202,/guides/?guide=troubleshooting,code/config
systima-paraggeliolipsias.html,203,/sxetika-me-to-pospal/,code/config
systima-paraggeliolipsias.html,212,/guides/?guide=printer-setup,code/config
systima-paraggeliolipsias.html,262,/download/,code/config
systima-paraggeliolipsias.html,270,/arthra/,code/config
systima-paraggeliolipsias.html,272,/sxetika-me-to-pospal/,code/config
systima-paraggeliolipsias.html,273,/download/,code/config
systima-paraggeliolipsias.html,274,/guides/,code/config
systima-paraggeliolipsias.html,275,/times.html,code/config
systima-paraggeliolipsias.html,276,/pda-ti-einai.html,code/config
systima-paraggeliolipsias.html,277,/pda-gia-servitoro/,code/config
systima-paraggeliolipsias.html,278,/pda-gia-kafeteries.html,code/config
systima-paraggeliolipsias.html,283,/eula/,code/config
systima-paraggeliolipsias.html,283,/dpa/,code/config
systima-paraggeliolipsias.html,283,/cookies/,code/config
systima-paraggeliolipsias.html,283,/subprocessors/,code/config
systima-paraggeliolipsias.html,283,/privacy/,code/config
systima-paraggeliolipsias.html,283,/terms/,code/config
systima-paraggeliolipsias.html,283,/legal/,code/config
sxetika-me-to-pospal/index.html,9,https://pospal.gr/sxetika-me-to-pospal/,code/config
sxetika-me-to-pospal/index.html,15,https://pospal.gr/sxetika-me-to-pospal/,code/config
sxetika-me-to-pospal/index.html,16,https://pospal.gr/static/img/pospal-desktop-order.png,code/config
sxetika-me-to-pospal/index.html,21,/static/img/pospal-mark-64.png,code/config
sxetika-me-to-pospal/index.html,22,/static/fonts/Inter-Regular.woff2,code/config
sxetika-me-to-pospal/index.html,23,/static/fonts/Inter-Bold.woff2,code/config
sxetika-me-to-pospal/index.html,24,/prototype/homepage-v3/styles.css,code/config
sxetika-me-to-pospal/index.html,25,/static/css/about.css,code/config
sxetika-me-to-pospal/index.html,26,/static/js/ga-consent.js,code/config
sxetika-me-to-pospal/index.html,27,/static/js/ga-events.js,code/config
sxetika-me-to-pospal/index.html,35,https://pospal.gr/#organization,code/config
sxetika-me-to-pospal/index.html,37,https://pospal.gr/,code/config
sxetika-me-to-pospal/index.html,64,https://pospal.gr/#software,code/config
sxetika-me-to-pospal/index.html,67,https://pospal.gr/,code/config
sxetika-me-to-pospal/index.html,74,https://pospal.gr/#organization,code/config
sxetika-me-to-pospal/index.html,78,https://pospal.gr/times.html,code/config
sxetika-me-to-pospal/index.html,91,https://pospal.gr/sxetika-me-to-pospal/#webpage,code/config
sxetika-me-to-pospal/index.html,92,https://pospal.gr/sxetika-me-to-pospal/,code/config
sxetika-me-to-pospal/index.html,98,https://pospal.gr/#organization,code/config
sxetika-me-to-pospal/index.html,101,https://pospal.gr/#software,code/config
sxetika-me-to-pospal/index.html,105,https://pospal.gr/#organization,code/config
sxetika-me-to-pospal/index.html,110,https://pospal.gr/sxetika-me-to-pospal/#breadcrumb,code/config
sxetika-me-to-pospal/index.html,116,https://pospal.gr/,code/config
sxetika-me-to-pospal/index.html,122,https://pospal.gr/sxetika-me-to-pospal/,code/config
sxetika-me-to-pospal/index.html,129,/static/css/legal-links.css,code/config
sxetika-me-to-pospal/index.html,136,/app_icon.ico,code/config
sxetika-me-to-pospal/index.html,140,/guides/,code/config
sxetika-me-to-pospal/index.html,142,/download/,code/config
sxetika-me-to-pospal/index.html,146,/guides/,code/config
sxetika-me-to-pospal/index.html,147,/download/,code/config
sxetika-me-to-pospal/index.html,167,/systima-paraggeliolipsias.html,code/config
sxetika-me-to-pospal/index.html,168,/times.html,code/config
sxetika-me-to-pospal/index.html,196,/systima-paraggeliolipsias.html,code/config
sxetika-me-to-pospal/index.html,200,/static/img/pospal-desktop-order.png,code/config
sxetika-me-to-pospal/index.html,251,/download/,code/config
sxetika-me-to-pospal/index.html,311,/download/,code/config
sxetika-me-to-pospal/index.html,312,/guides/,code/config
sxetika-me-to-pospal/index.html,328,/sxetika-me-to-pospal/,code/config
sxetika-me-to-pospal/index.html,329,/download/,code/config
sxetika-me-to-pospal/index.html,330,/guides/,code/config
sxetika-me-to-pospal/index.html,331,/times.html,code/config
sxetika-me-to-pospal/index.html,335,/pda-ti-einai.html,code/config
sxetika-me-to-pospal/index.html,336,/pda-pos-leitourgei.html,code/config
sxetika-me-to-pospal/index.html,337,/pda-gia-servitoro/,code/config
sxetika-me-to-pospal/index.html,338,/pda-gia-kafeteries.html,code/config
sxetika-me-to-pospal/index.html,342,/systima-paraggeliolipsias.html,code/config
sxetika-me-to-pospal/index.html,343,/asyrmati-paraggeliolipsia.html,code/config
sxetika-me-to-pospal/index.html,344,/paraggelio-lipsia-gia-beach-bar.html,code/config
sxetika-me-to-pospal/index.html,355,/eula/,code/config
sxetika-me-to-pospal/index.html,355,/dpa/,code/config
sxetika-me-to-pospal/index.html,355,/cookies/,code/config
sxetika-me-to-pospal/index.html,355,/subprocessors/,code/config
sxetika-me-to-pospal/index.html,355,/privacy/,code/config
sxetika-me-to-pospal/index.html,355,/terms/,code/config
sxetika-me-to-pospal/index.html,355,/legal/,code/config
subprocessors/index.html,9,https://pospal.gr/subprocessors/,code/config
subprocessors/index.html,10,https://pospal.gr/en/subprocessors/,code/config
subprocessors/index.html,11,/static/css/site-redesign.css,code/config
subprocessors/index.html,12,/static/css/legal.css,code/config
subprocessors/index.html,13,/static/css/legal-links.css,code/config
subprocessors/index.html,14,/static/js/ga-consent.js,code/config
subprocessors/index.html,17,/en/subprocessors/,code/config
subprocessors/index.html,17,/times.html,code/config
subprocessors/index.html,17,/download/,code/config
subprocessors/index.html,22,/eula/,code/config
subprocessors/index.html,22,/dpa/,code/config
subprocessors/index.html,22,/cookies/,code/config
subprocessors/index.html,22,/subprocessors/,code/config
subprocessors/index.html,22,/privacy/,code/config
subprocessors/index.html,22,/terms/,code/config
subprocessors/index.html,22,/legal/,code/config
static/vendor/tailwindcdn.js,13,/*,code/config
static/vendor/tailwindcdn.js,25,/*,code/config
static/vendor/tailwindcdn.js,27,/*__simple__*/,code/config
static/vendor/tailwindcdn.js,32,/${C},code/config
static/vendor/tailwindcdn.js,32,/**,code/config
static/vendor/tailwindcdn.js,34,/*,code/config
static/vendor/tailwindcdn.js,40,/*,code/config
static/vendor/tailwindcdn.js,64,/template.html,code/config
MARKETING_PLAN.md,62,/systima-paraggeliolipsias.html,documentation
robots.txt,3,https://pospal.gr/sitemap.xml,code/config
README.md,3,https://pospal.gr**.,documentation
README.md,36,https://pospal.gr/download/,documentation
CONTEXT.md,23,/times.html,documentation
CONTEXT.md,23,/guides/,documentation
CONTEXT.md,23,/download/,documentation
CONTEXT.md,23,/support.html,documentation
CONTEXT.md,31,/guides/,documentation
CONTEXT.md,31,/download/,documentation
CONTEXT.md,39,/guides/,documentation
CONTEXT.md,71,/download/,documentation
CONTEXT.md,75,/download/,documentation
CONTEXT.md,119,/academy/,documentation
CONTEXT.md,119,/guides/,documentation
CONTEXT.md,123,/guides/,documentation
CONTEXT.md,135,/guides/,documentation
CONTEXT.md,139,/guides/,documentation
CONTEXT.md,155,/guides/,documentation
CONTEXT.md,171,/prototype/,documentation
CONTEXT.md,239,/pda-gia-kafeteries.html,documentation
CONTEXT.md,271,/guides/,documentation
CONTEXT.md,271,/download/,documentation
asyrmati-paraggeliolipsia.html,9,https://pospal.gr/asyrmati-paraggeliolipsia.html,code/config
asyrmati-paraggeliolipsia.html,15,https://pospal.gr/asyrmati-paraggeliolipsia.html,code/config
asyrmati-paraggeliolipsia.html,16,https://pospal.gr/static/img/pospal-desktop-order.png,code/config
asyrmati-paraggeliolipsia.html,20,https://pospal.gr/static/img/pospal-desktop-order.png,code/config
asyrmati-paraggeliolipsia.html,21,/app_icon.ico,code/config
asyrmati-paraggeliolipsia.html,22,/app_icon.ico,code/config
asyrmati-paraggeliolipsia.html,23,/static/fonts/Inter-Bold.woff2,code/config
asyrmati-paraggeliolipsia.html,24,/static/css/fonts.css,code/config
asyrmati-paraggeliolipsia.html,25,/static/css/seo-acquisition.css?v=20260901-2,code/config
asyrmati-paraggeliolipsia.html,26,/static/js/ga-consent.js,code/config
asyrmati-paraggeliolipsia.html,27,/static/js/ga-events.js,code/config
asyrmati-paraggeliolipsia.html,76,/static/css/legal-links.css,code/config
asyrmati-paraggeliolipsia.html,83,/app_icon.ico,code/config
asyrmati-paraggeliolipsia.html,88,/times.html,code/config
asyrmati-paraggeliolipsia.html,89,/guides/,code/config
asyrmati-paraggeliolipsia.html,90,/systima-paraggeliolipsias.html,code/config
asyrmati-paraggeliolipsia.html,92,/download/,code/config
asyrmati-paraggeliolipsia.html,104,/systima-paraggeliolipsias.html,code/config
asyrmati-paraggeliolipsia.html,110,/static/img/pospal-desktop-order.png,code/config
asyrmati-paraggeliolipsia.html,242,/systima-paraggeliolipsias.html,code/config
asyrmati-paraggeliolipsia.html,243,/times.html,code/config
asyrmati-paraggeliolipsia.html,244,/pda-gia-servitoro/,code/config
asyrmati-paraggeliolipsia.html,245,/guides/,code/config
asyrmati-paraggeliolipsia.html,246,/sxetika-me-to-pospal/,code/config
asyrmati-paraggeliolipsia.html,302,/download/,code/config
asyrmati-paraggeliolipsia.html,303,/guides/,code/config
asyrmati-paraggeliolipsia.html,312,/arthra/,code/config
asyrmati-paraggeliolipsia.html,314,/sxetika-me-to-pospal/,code/config
asyrmati-paraggeliolipsia.html,315,/download/,code/config
asyrmati-paraggeliolipsia.html,316,/guides/,code/config
asyrmati-paraggeliolipsia.html,317,/times.html,code/config
asyrmati-paraggeliolipsia.html,318,/pda-ti-einai.html,code/config
asyrmati-paraggeliolipsia.html,319,/pda-gia-servitoro/,code/config
asyrmati-paraggeliolipsia.html,320,/systima-paraggeliolipsias.html,code/config
asyrmati-paraggeliolipsia.html,325,/eula/,code/config
asyrmati-paraggeliolipsia.html,325,/dpa/,code/config
asyrmati-paraggeliolipsia.html,325,/cookies/,code/config
asyrmati-paraggeliolipsia.html,325,/subprocessors/,code/config
asyrmati-paraggeliolipsia.html,325,/privacy/,code/config
asyrmati-paraggeliolipsia.html,325,/terms/,code/config
asyrmati-paraggeliolipsia.html,325,/legal/,code/config
static/pricing.js,2,/api/pricing,code/config
eula.html,8,https://pospal.gr/eula/,code/config
eula.html,11,/eula/,code/config
legal/privacy.html,8,https://pospal.gr/privacy/,code/config
legal/privacy.html,11,/privacy/,code/config
legal/index.html,9,https://pospal.gr/legal/,code/config
legal/index.html,10,https://pospal.gr/en/legal/,code/config
legal/index.html,11,/static/css/site-redesign.css,code/config
legal/index.html,12,/static/css/legal.css,code/config
legal/index.html,13,/static/css/legal-links.css,code/config
legal/index.html,14,/static/js/ga-consent.js,code/config
legal/index.html,17,/times.html,code/config
legal/index.html,17,/download/,code/config
legal/index.html,17,/en/legal/,code/config
legal/index.html,23,/eula/,code/config
legal/index.html,23,/cookies/,code/config
legal/index.html,23,/subprocessors/,code/config
legal/index.html,23,/privacy/,code/config
legal/index.html,23,/terms/,code/config
legal/index.html,23,/dpa/,code/config
legal/index.html,25,/eula/,code/config
legal/index.html,25,/dpa/,code/config
legal/index.html,25,/cookies/,code/config
legal/index.html,25,/subprocessors/,code/config
legal/index.html,25,/privacy/,code/config
legal/index.html,25,/terms/,code/config
legal/index.html,25,/legal/,code/config
legal/eula.html,8,https://pospal.gr/eula/,code/config
legal/eula.html,11,/eula/,code/config
index.html,9,https://pospal.gr/,code/config
index.html,15,https://pospal.gr/,code/config
index.html,17,/app_icon.ico,code/config
index.html,18,/prototype/homepage-v3/styles.css,code/config
index.html,19,/static/js/ga-consent.js,code/config
index.html,20,/static/js/ga-events.js,code/config
index.html,22,/static/css/legal-links.css,code/config
index.html,67,/app_icon.ico,code/config
index.html,71,/guides/,code/config
index.html,73,/download/,code/config
index.html,77,/guides/,code/config
index.html,78,/download/,code/config
index.html,97,/download/,code/config
index.html,98,/guides/,code/config
index.html,155,/docs/redesign/captures/app-route-mobile-order.png,code/config
index.html,164,/docs/redesign/captures/app-route-desktop-order.png,code/config
index.html,203,/download/,code/config
index.html,240,/static/qr-menu-live-code.png,code/config
index.html,244,/static/qr-menu-live-preview.png,code/config
index.html,258,/download/,code/config
index.html,271,/download/,code/config
index.html,281,/guides/,code/config
index.html,290,/guides/,code/config
index.html,332,/download/,code/config
index.html,389,/download/,code/config
index.html,390,/guides/,code/config
index.html,418,/download/,code/config
index.html,419,/guides/,code/config
index.html,435,/download/,code/config
index.html,436,/guides/,code/config
index.html,437,/times.html,code/config
index.html,441,/pda-ti-einai.html,code/config
index.html,442,/pda-pos-leitourgei.html,code/config
index.html,443,/pda-gia-servitoro/,code/config
index.html,444,/pda-gia-kafeteries.html,code/config
index.html,448,/systima-paraggeliolipsias.html,code/config
index.html,449,/asyrmati-paraggeliolipsia.html,code/config
index.html,450,/paraggelio-lipsia-gia-beach-bar.html,code/config
index.html,461,/eula/,code/config
index.html,461,/dpa/,code/config
index.html,461,/cookies/,code/config
index.html,461,/subprocessors/,code/config
index.html,461,/privacy/,code/config
index.html,461,/terms/,code/config
index.html,461,/legal/,code/config
index.html,465,/prototype/homepage-v3/motion.js,code/config
prototype/README.md,7,/guides/,documentation
prototype/README.md,11,/guides/,documentation
prototype/README.md,12,/download/,documentation
static/js/qrcode.min.js,1,/errorCorrectLevel:,code/config
static/js/ga-events.js,41,/index.html,code/config
static/js/ga-events.js,46,/download,code/config
static/js/ga-events.js,47,/download/,code/config
static/js/ga-events.js,48,/download/,code/config
static/js/ga-events.js,53,/guides/index.html,code/config
static/js/ga-events.js,65,/guides/,code/config
static/js/ga-events.js,65,/guides,code/config
static/js/ga-events.js,97,/download,code/config
static/js/ga-events.js,97,/download/,code/config
static/js/ga-events.js,116,/download,code/config
static/js/ga-events.js,117,/download/,code/config
static/js/ga-consent.js,492,/privacy/,code/config
static/js/ga-consent.js,492,/cookies/,code/config
static/js/ga-consent.js,523,/privacy/,code/config
static/js/ga-consent.js,523,/cookies/,code/config
static/js/academy.js,5,/guides/printer-setup/,code/config
static/js/academy.js,16,/guides/windows-installation/,code/config
static/js/academy.js,28,/guides/app-tour/,code/config
static/js/academy.js,39,/guides/settings/,code/config
static/js/academy.js,50,/guides/qr-menu/,code/config
static/js/academy.js,61,/guides/account/,code/config
static/js/academy.js,72,/guides/troubleshooting/,code/config
static/js/academy.js,84,/guides/printer-setup/,code/config
static/js/academy.js,85,/guides/windows-installation/,code/config
static/js/academy.js,86,/guides/app-tour/,code/config
static/js/academy.js,87,/guides/settings/,code/config
static/js/academy.js,88,/guides/qr-menu/,code/config
static/js/academy.js,89,/guides/account/,code/config
static/js/academy.js,90,/guides/troubleshooting/,code/config
static/js/academy.js,102,/guides/printer-setup/,code/config
static/js/academy.js,107,/guides/windows-installation/,code/config
static/js/academy.js,112,/guides/app-tour/,code/config
static/js/academy.js,117,/guides/settings/,code/config
static/js/academy.js,122,/guides/qr-menu/,code/config
static/js/academy.js,127,/guides/account/,code/config
static/js/academy.js,132,/guides/troubleshooting/,code/config
static/js/academy.js,146,/guides/,code/config
static/js/academy.js,183,/app_icon.ico,code/config
static/js/academy.js,188,/download/,code/config
static/js/academy.js,219,/download/,code/config
static/js/academy.js,233,/download/,code/config
pda-ti-einai.html,9,https://pospal.gr/pda-ti-einai.html,code/config
pda-ti-einai.html,15,https://pospal.gr/pda-ti-einai.html,code/config
pda-ti-einai.html,16,https://pospal.gr/static/img/articles/illustrations/pda-ti-einai/cover-1200.webp,code/config
pda-ti-einai.html,25,https://pospal.gr/static/img/articles/illustrations/pda-ti-einai/cover-1200.webp,code/config
pda-ti-einai.html,27,/app_icon.ico,code/config
pda-ti-einai.html,28,/app_icon.ico,code/config
pda-ti-einai.html,29,/static/fonts/Inter-Regular.woff2,code/config
pda-ti-einai.html,30,/static/fonts/Inter-Bold.woff2,code/config
pda-ti-einai.html,31,/static/img/articles/illustrations/pda-ti-einai/cover-1200.webp,code/config
pda-ti-einai.html,32,/static/css/pda-acquisition.css?v=20260901-2,code/config
pda-ti-einai.html,33,/static/css/pda-editorial.css?v=20260921-2,code/config
pda-ti-einai.html,34,/static/js/ga-consent.js,code/config
pda-ti-einai.html,35,/static/js/ga-events.js,code/config
pda-ti-einai.html,44,https://pospal.gr/static/img/articles/illustrations/pda-ti-einai/cover-1200.webp,code/config
pda-ti-einai.html,53,https://pospal.gr/sxetika-me-to-pospal/,code/config
pda-ti-einai.html,54,https://pospal.gr/static/img/robert-airey-founder.jpg,code/config
pda-ti-einai.html,61,https://pospal.gr/static/img/pospal-mark-64.png,code/config
pda-ti-einai.html,64,https://pospal.gr/pda-ti-einai.html,code/config
pda-ti-einai.html,115,/static/css/legal-links.css,code/config
pda-ti-einai.html,122,/download/,code/config
pda-ti-einai.html,124,/app_icon.ico,code/config
pda-ti-einai.html,127,/times.html,code/config
pda-ti-einai.html,139,/arthra/,code/config
pda-ti-einai.html,144,/static/img/robert-airey-founder.jpg,code/config
pda-ti-einai.html,145,/sxetika-me-to-pospal/,code/config
pda-ti-einai.html,151,/static/img/articles/illustrations/pda-ti-einai/cover-1200.webp,code/config
pda-ti-einai.html,209,/static/img/pda-tables-mobile.webp,code/config
pda-ti-einai.html,216,/static/img/pda-menu-mobile.webp,code/config
pda-ti-einai.html,223,/static/img/pda-send-mobile.webp,code/config
pda-ti-einai.html,233,/download/,code/config
pda-ti-einai.html,234,/guides/windows-installation/,code/config
pda-ti-einai.html,258,/static/img/pospal-desktop-order.webp,code/config
pda-ti-einai.html,259,/static/img/pospal-desktop-order.png,code/config
pda-ti-einai.html,389,/times.html,code/config
pda-ti-einai.html,398,/times.html,code/config
pda-ti-einai.html,399,/systima-paraggeliolipsias.html,code/config
pda-ti-einai.html,400,/download/,code/config
pda-ti-einai.html,401,/guides/,code/config
pda-ti-einai.html,406,/eula/,code/config
pda-ti-einai.html,406,/dpa/,code/config
pda-ti-einai.html,406,/cookies/,code/config
pda-ti-einai.html,406,/subprocessors/,code/config
pda-ti-einai.html,406,/privacy/,code/config
pda-ti-einai.html,406,/terms/,code/config
pda-ti-einai.html,406,/legal/,code/config
pda-pos-leitourgei.html,9,https://pospal.gr/pda-pos-leitourgei.html,code/config
pda-pos-leitourgei.html,15,https://pospal.gr/pda-pos-leitourgei.html,code/config
pda-pos-leitourgei.html,19,/app_icon.ico,code/config
pda-pos-leitourgei.html,20,/app_icon.ico,code/config
pda-pos-leitourgei.html,21,/static/fonts/Inter-Bold.woff2,code/config
pda-pos-leitourgei.html,22,/static/css/pda-acquisition.css?v=20260901-2,code/config
pda-pos-leitourgei.html,28,/static/js/ga-consent.js,code/config
pda-pos-leitourgei.html,29,/static/js/ga-events.js,code/config
pda-pos-leitourgei.html,70,/static/css/legal-links.css,code/config
pda-pos-leitourgei.html,77,/app_icon.ico,code/config
pda-pos-leitourgei.html,81,/guides/,code/config
pda-pos-leitourgei.html,83,/download/,code/config
pda-pos-leitourgei.html,94,/systima-paraggeliolipsias.html,code/config
pda-pos-leitourgei.html,116,/static/img/pospal-desktop-order.png,code/config
pda-pos-leitourgei.html,137,/pda-ti-einai.html,code/config
pda-pos-leitourgei.html,142,/pda-gia-servitoro/,code/config
pda-pos-leitourgei.html,147,/pda-gia-kafeteries.html,code/config
pda-pos-leitourgei.html,219,/download/,code/config
pda-pos-leitourgei.html,220,/guides/,code/config
pda-pos-leitourgei.html,229,/arthra/,code/config
pda-pos-leitourgei.html,231,/pda-ti-einai.html,code/config
pda-pos-leitourgei.html,232,/pda-gia-servitoro/,code/config
pda-pos-leitourgei.html,233,/pda-gia-kafeteries.html,code/config
pda-pos-leitourgei.html,234,/systima-paraggeliolipsias.html,code/config
pda-pos-leitourgei.html,235,/download/,code/config
pda-pos-leitourgei.html,236,/guides/,code/config
pda-pos-leitourgei.html,241,/eula/,code/config
pda-pos-leitourgei.html,241,/dpa/,code/config
pda-pos-leitourgei.html,241,/cookies/,code/config
pda-pos-leitourgei.html,241,/subprocessors/,code/config
pda-pos-leitourgei.html,241,/privacy/,code/config
pda-pos-leitourgei.html,241,/terms/,code/config
pda-pos-leitourgei.html,241,/legal/,code/config
download/index.html,9,https://pospal.gr/download/,code/config
download/index.html,16,https://pospal.gr/download/,code/config
download/index.html,21,/app_icon.ico,code/config
download/index.html,22,/app_icon.ico,code/config
download/index.html,23,/static/css/site-redesign.css,code/config
download/index.html,24,/static/js/ga-consent.js,code/config
download/index.html,25,/static/js/ga-events.js,code/config
download/index.html,27,/static/css/legal-links.css,code/config
download/index.html,35,/app_icon.ico,code/config
download/index.html,41,/guides/,code/config
download/index.html,48,/guides/,code/config
download/index.html,80,/guides/?guide=windows-installation,code/config
download/index.html,87,/static/img/pospal-desktop-order.png,code/config
download/index.html,111,/eula/,code/config
download/index.html,111,/privacy/,code/config
download/index.html,111,/terms/,code/config
download/index.html,119,/guides/,code/config
download/index.html,120,/download/,code/config
download/index.html,126,/eula/,code/config
download/index.html,126,/dpa/,code/config
download/index.html,126,/cookies/,code/config
download/index.html,126,/subprocessors/,code/config
download/index.html,126,/privacy/,code/config
download/index.html,126,/terms/,code/config
download/index.html,126,/legal/,code/config
download/index.html,132,/download/,code/config
eula/index.html,9,https://pospal.gr/eula/,code/config
eula/index.html,10,https://pospal.gr/en/eula/,code/config
eula/index.html,11,/static/css/site-redesign.css,code/config
eula/index.html,12,/static/css/legal.css,code/config
eula/index.html,13,/static/css/legal-links.css,code/config
eula/index.html,14,/static/js/ga-consent.js,code/config
eula/index.html,17,/times.html,code/config
eula/index.html,17,/download/,code/config
eula/index.html,17,/en/eula/,code/config
eula/index.html,22,/terms/,code/config
eula/index.html,27,/privacy/,code/config
eula/index.html,27,/dpa/,code/config
eula/index.html,33,/eula/,code/config
eula/index.html,33,/dpa/,code/config
eula/index.html,33,/cookies/,code/config
eula/index.html,33,/subprocessors/,code/config
eula/index.html,33,/privacy/,code/config
eula/index.html,33,/terms/,code/config
eula/index.html,33,/legal/,code/config
prototype/pda-article/NOTES.md,12,/times.html,documentation
prototype/pda-article/NOTES.md,16,/pda-ti-einai.html,documentation
prototype/pda-article/NOTES.md,17,/static/css/pda-editorial.css,documentation
pda-gia-servitoro/index.html,9,https://pospal.gr/pda-gia-servitoro/,code/config
pda-gia-servitoro/index.html,15,https://pospal.gr/pda-gia-servitoro/,code/config
pda-gia-servitoro/index.html,19,/app_icon.ico,code/config
pda-gia-servitoro/index.html,20,/app_icon.ico,code/config
pda-gia-servitoro/index.html,21,/static/fonts/Inter-Bold.woff2,code/config
pda-gia-servitoro/index.html,22,/static/css/pda-acquisition.css?v=20260901-2,code/config
pda-gia-servitoro/index.html,23,/static/css/pda-waiter.css?v=20260921-1,code/config
pda-gia-servitoro/index.html,24,/static/js/ga-consent.js,code/config
pda-gia-servitoro/index.html,25,/static/js/ga-events.js,code/config
pda-gia-servitoro/index.html,82,/static/css/legal-links.css,code/config
pda-gia-servitoro/index.html,89,/app_icon.ico,code/config
pda-gia-servitoro/index.html,93,/guides/,code/config
pda-gia-servitoro/index.html,95,/download/,code/config
pda-gia-servitoro/index.html,111,/download/,code/config
pda-gia-servitoro/index.html,176,/static/img/pospal-desktop-order.webp,code/config
pda-gia-servitoro/index.html,177,/static/img/pospal-desktop-order.png,code/config
pda-gia-servitoro/index.html,190,/app_icon.ico,code/config
pda-gia-servitoro/index.html,204,/times.html,code/config
pda-gia-servitoro/index.html,205,/systima-paraggeliolipsias.html,code/config
pda-gia-servitoro/index.html,229,/asyrmati-paraggeliolipsia.html,code/config
pda-gia-servitoro/index.html,243,/guides/,code/config
pda-gia-servitoro/index.html,295,/download/,code/config
pda-gia-servitoro/index.html,303,/arthra/,code/config
pda-gia-servitoro/index.html,305,/pda-ti-einai.html,code/config
pda-gia-servitoro/index.html,306,/pda-pos-leitourgei.html,code/config
pda-gia-servitoro/index.html,307,/pda-gia-kafeteries.html,code/config
pda-gia-servitoro/index.html,308,/systima-paraggeliolipsias.html,code/config
pda-gia-servitoro/index.html,309,/download/,code/config
pda-gia-servitoro/index.html,310,/guides/,code/config
pda-gia-servitoro/index.html,315,/eula/,code/config
pda-gia-servitoro/index.html,315,/dpa/,code/config
pda-gia-servitoro/index.html,315,/cookies/,code/config
pda-gia-servitoro/index.html,315,/subprocessors/,code/config
pda-gia-servitoro/index.html,315,/privacy/,code/config
pda-gia-servitoro/index.html,315,/terms/,code/config
pda-gia-servitoro/index.html,315,/legal/,code/config
pda-gia-kafeteries.html,9,https://pospal.gr/pda-gia-kafeteries.html,code/config
pda-gia-kafeteries.html,15,https://pospal.gr/pda-gia-kafeteries.html,code/config
pda-gia-kafeteries.html,19,/app_icon.ico,code/config
pda-gia-kafeteries.html,20,/app_icon.ico,code/config
pda-gia-kafeteries.html,21,/static/fonts/Inter-Bold.woff2,code/config
pda-gia-kafeteries.html,22,/static/css/fonts.css,code/config
pda-gia-kafeteries.html,23,/static/css/seo-acquisition.css?v=20260901-2,code/config
pda-gia-kafeteries.html,24,/static/js/ga-consent.js,code/config
pda-gia-kafeteries.html,25,/static/js/ga-events.js,code/config
pda-gia-kafeteries.html,66,/static/css/legal-links.css,code/config
pda-gia-kafeteries.html,73,/app_icon.ico,code/config
pda-gia-kafeteries.html,78,/times.html,code/config
pda-gia-kafeteries.html,79,/guides/,code/config
pda-gia-kafeteries.html,80,/systima-paraggeliolipsias.html,code/config
pda-gia-kafeteries.html,82,/download/,code/config
pda-gia-kafeteries.html,94,/download/,code/config
pda-gia-kafeteries.html,95,/systima-paraggeliolipsias.html,code/config
pda-gia-kafeteries.html,100,/static/img/pospal-desktop-order.png,code/config
pda-gia-kafeteries.html,170,/pda-gia-servitoro/,code/config
pda-gia-kafeteries.html,175,/asyrmati-paraggeliolipsia.html,code/config
pda-gia-kafeteries.html,180,/times.html,code/config
pda-gia-kafeteries.html,250,/download/,code/config
pda-gia-kafeteries.html,251,/guides/,code/config
pda-gia-kafeteries.html,262,/download/,code/config
pda-gia-kafeteries.html,263,/guides/,code/config
pda-gia-kafeteries.html,264,/times.html,code/config
pda-gia-kafeteries.html,265,/pda-ti-einai.html,code/config
pda-gia-kafeteries.html,266,/pda-gia-servitoro/,code/config
pda-gia-kafeteries.html,267,/systima-paraggeliolipsias.html,code/config
pda-gia-kafeteries.html,272,/eula/,code/config
pda-gia-kafeteries.html,272,/dpa/,code/config
pda-gia-kafeteries.html,272,/cookies/,code/config
pda-gia-kafeteries.html,272,/subprocessors/,code/config
pda-gia-kafeteries.html,272,/privacy/,code/config
pda-gia-kafeteries.html,272,/terms/,code/config
pda-gia-kafeteries.html,272,/legal/,code/config
paraggelio-lipsia-gia-beach-bar.html,9,https://pospal.gr/paraggelio-lipsia-gia-beach-bar.html,code/config
paraggelio-lipsia-gia-beach-bar.html,15,https://pospal.gr/paraggelio-lipsia-gia-beach-bar.html,code/config
paraggelio-lipsia-gia-beach-bar.html,19,/app_icon.ico,code/config
paraggelio-lipsia-gia-beach-bar.html,20,/app_icon.ico,code/config
paraggelio-lipsia-gia-beach-bar.html,21,/static/fonts/Inter-Bold.woff2,code/config
paraggelio-lipsia-gia-beach-bar.html,22,/static/css/fonts.css,code/config
paraggelio-lipsia-gia-beach-bar.html,23,/static/css/seo-acquisition.css?v=20260901-2,code/config
paraggelio-lipsia-gia-beach-bar.html,24,/static/js/ga-consent.js,code/config
paraggelio-lipsia-gia-beach-bar.html,25,/static/js/ga-events.js,code/config
paraggelio-lipsia-gia-beach-bar.html,66,/static/css/legal-links.css,code/config
paraggelio-lipsia-gia-beach-bar.html,73,/app_icon.ico,code/config
paraggelio-lipsia-gia-beach-bar.html,78,/times.html,code/config
paraggelio-lipsia-gia-beach-bar.html,79,/guides/,code/config
paraggelio-lipsia-gia-beach-bar.html,80,/systima-paraggeliolipsias.html,code/config
paraggelio-lipsia-gia-beach-bar.html,82,/download/,code/config
paraggelio-lipsia-gia-beach-bar.html,94,/download/,code/config
paraggelio-lipsia-gia-beach-bar.html,95,/systima-paraggeliolipsias.html,code/config
paraggelio-lipsia-gia-beach-bar.html,100,/static/img/pospal-desktop-order.png,code/config
paraggelio-lipsia-gia-beach-bar.html,143,/pda-gia-servitoro/,code/config
paraggelio-lipsia-gia-beach-bar.html,148,/asyrmati-paraggeliolipsia.html,code/config
paraggelio-lipsia-gia-beach-bar.html,153,/times.html,code/config
paraggelio-lipsia-gia-beach-bar.html,250,/download/,code/config
paraggelio-lipsia-gia-beach-bar.html,251,/guides/,code/config
paraggelio-lipsia-gia-beach-bar.html,262,/download/,code/config
paraggelio-lipsia-gia-beach-bar.html,263,/guides/,code/config
paraggelio-lipsia-gia-beach-bar.html,264,/times.html,code/config
paraggelio-lipsia-gia-beach-bar.html,265,/pda-gia-servitoro/,code/config
paraggelio-lipsia-gia-beach-bar.html,266,/asyrmati-paraggeliolipsia.html,code/config
paraggelio-lipsia-gia-beach-bar.html,267,/systima-paraggeliolipsias.html,code/config
paraggelio-lipsia-gia-beach-bar.html,272,/eula/,code/config
paraggelio-lipsia-gia-beach-bar.html,272,/dpa/,code/config
paraggelio-lipsia-gia-beach-bar.html,272,/cookies/,code/config
paraggelio-lipsia-gia-beach-bar.html,272,/subprocessors/,code/config
paraggelio-lipsia-gia-beach-bar.html,272,/privacy/,code/config
paraggelio-lipsia-gia-beach-bar.html,272,/terms/,code/config
paraggelio-lipsia-gia-beach-bar.html,272,/legal/,code/config
privacy.html,8,https://pospal.gr/privacy/,code/config
privacy.html,11,/privacy/,code/config
arthra/index.html,8,https://pospal.gr/arthra/,code/config
arthra/index.html,13,https://pospal.gr/arthra/,code/config
arthra/index.html,14,https://pospal.gr/static/img/pospal-desktop-order.webp,code/config
arthra/index.html,15,/static/img/pospal-icon-96.png,code/config
arthra/index.html,16,/static/css/articles-hub.css?v=20260921-8,code/config
arthra/index.html,17,/static/js/ga-consent.js,code/config
arthra/index.html,18,/static/js/ga-events.js,code/config
arthra/index.html,23,/static/img/pospal-mark-64.png,code/config
arthra/index.html,24,/times.html,code/config
arthra/index.html,24,/guides/,code/config
arthra/index.html,24,/arthra/,code/config
arthra/index.html,25,/download/,code/config
arthra/index.html,36,/pda-ti-einai.html,code/config
arthra/index.html,36,/static/img/articles/illustrations/pda-pos-leitourgei/cover-320.webp,code/config
arthra/index.html,36,/static/img/articles/illustrations/asyrmati-paraggeliolipsia/cover-320.webp,code/config
arthra/index.html,36,/static/img/articles/illustrations/pda-ti-einai/cover-320.webp,code/config
arthra/index.html,36,/systima-paraggeliolipsias.html,code/config
arthra/index.html,36,/static/img/articles/illustrations/systima-paraggeliolipsias/cover-320.webp,code/config
arthra/index.html,36,/pda-gia-servitoro/,code/config
arthra/index.html,36,/asyrmati-paraggeliolipsia.html,code/config
arthra/index.html,36,/static/img/articles/illustrations/pda-gia-servitoro/cover-320.webp,code/config
arthra/index.html,36,/times.html,code/config
arthra/index.html,36,/static/img/articles/illustrations/times/cover-320.webp,code/config
arthra/index.html,36,/pda-pos-leitourgei.html,code/config
arthra/index.html,47,/sxetika-me-to-pospal/,code/config
arthra/index.html,49,/legal/,code/config
arthra/index.html,50,/privacy/,code/config
arthra/index.html,51,/cookies/,code/config
arthra/index.html,52,/terms/,code/config
arthra/index.html,56,/static/js/articles-hub.js,code/config
privacy/index.html,9,https://pospal.gr/privacy/,code/config
privacy/index.html,10,https://pospal.gr/en/privacy/,code/config
privacy/index.html,11,/static/css/site-redesign.css,code/config
privacy/index.html,12,/static/css/legal.css,code/config
privacy/index.html,13,/static/css/legal-links.css,code/config
privacy/index.html,14,/static/js/ga-consent.js,code/config
privacy/index.html,17,/en/privacy/,code/config
privacy/index.html,17,/times.html,code/config
privacy/index.html,17,/download/,code/config
privacy/index.html,26,/cookies/,code/config
privacy/index.html,28,/subprocessors/,code/config
privacy/index.html,35,/eula/,code/config
privacy/index.html,35,/dpa/,code/config
privacy/index.html,35,/cookies/,code/config
privacy/index.html,35,/subprocessors/,code/config
privacy/index.html,35,/privacy/,code/config
privacy/index.html,35,/terms/,code/config
privacy/index.html,35,/legal/,code/config
static/css/articles-hub.css,1,/static/fonts/Inter-Regular.woff2,code/config
static/css/articles-hub.css,2,/static/fonts/Inter-Bold.woff2,code/config
sitemap.xml,4,https://pospal.gr/,code/config
sitemap.xml,10,https://pospal.gr/sxetika-me-to-pospal/,code/config
sitemap.xml,16,https://pospal.gr/download/,code/config
sitemap.xml,22,https://pospal.gr/guides/,code/config
sitemap.xml,28,https://pospal.gr/guides/printer-setup/,code/config
sitemap.xml,34,https://pospal.gr/guides/windows-installation/,code/config
sitemap.xml,40,https://pospal.gr/guides/app-tour/,code/config
sitemap.xml,46,https://pospal.gr/guides/settings/,code/config
sitemap.xml,52,https://pospal.gr/guides/qr-menu/,code/config
sitemap.xml,58,https://pospal.gr/guides/account/,code/config
sitemap.xml,64,https://pospal.gr/guides/troubleshooting/,code/config
sitemap.xml,70,https://pospal.gr/pda-ti-einai.html,code/config
sitemap.xml,76,https://pospal.gr/pda-pos-leitourgei.html,code/config
sitemap.xml,82,https://pospal.gr/pda-gia-servitoro/,code/config
sitemap.xml,88,https://pospal.gr/times.html,code/config
sitemap.xml,94,https://pospal.gr/systima-paraggeliolipsias.html,code/config
sitemap.xml,100,https://pospal.gr/pda-gia-kafeteries.html,code/config
sitemap.xml,106,https://pospal.gr/paraggelio-lipsia-gia-beach-bar.html,code/config
sitemap.xml,112,https://pospal.gr/asyrmati-paraggeliolipsia.html,code/config
sitemap.xml,118,https://pospal.gr/arthra/,code/config
SEO_OPPORTUNITIES.md,47,https://pospal.gr/pda-ti-einai.html,documentation
SEO_OPPORTUNITIES.md,55,https://pospal.gr/pda-pos-leitourgei.html,documentation
SEO_OPPORTUNITIES.md,63,/pda-gia-kafeteria/,documentation
SEO_OPPORTUNITIES.md,63,https://pospal.gr/pda-gia-kafeteries.html,documentation
SEO_OPPORTUNITIES.md,71,/times-systimatos-parageliolipsias/,documentation
SEO_OPPORTUNITIES.md,71,https://pospal.gr/times.html,documentation
SEO_OPPORTUNITIES.md,79,/asyrmati-parageliolipsia-estiasi/,documentation
SEO_OPPORTUNITIES.md,79,https://pospal.gr/asyrmati-paraggeliolipsia.html,documentation
SEO_OPPORTUNITIES.md,87,https://pospal.gr/paraggelio-lipsia-gia-beach-bar.html,documentation
SEO_OPPORTUNITIES.md,109,https://pospal.gr/POSPal_Demo_Index.html,documentation
SEO_OPPORTUNITIES.md,110,https://pospal.gr/POSPal_Demo.html,documentation
SEO_OPPORTUNITIES.md,118,/pda-gia-kafeteria/,documentation
SEO_OPPORTUNITIES.md,119,/times-systimatos-parageliolipsias/,documentation
SEO_OPPORTUNITIES.md,191,/download/,documentation
SEO_OPPORTUNITIES.md,192,/times.html,documentation
SEO_OPPORTUNITIES.md,192,/times-systimatos-parageliolipsias/,documentation
SEO_OPPORTUNITIES.md,193,/pda-gia-kafeteries.html,documentation
SEO_OPPORTUNITIES.md,193,/pda-gia-kafeteria/,documentation
SEO_OPPORTUNITIES.md,194,/asyrmati-parageliolipsia-estiasi/,documentation
SEO_OPPORTUNITIES.md,194,/asyrmati-paraggeliolipsia.html,documentation
static/css/site-redesign.css,3,/static/fonts/Inter-Regular.woff2,code/config
static/css/site-redesign.css,10,/static/fonts/Inter-SemiBold.woff2,code/config
static/css/site-redesign.css,17,/static/fonts/Inter-Bold.woff2,code/config
static/css/site-redesign.css,24,/static/fonts/Inter-Bold.woff2,code/config
static/css/site-redesign.css,31,/static/fonts/Inter-Bold.woff2,code/config
prototype/homepage-proposal/styles.css,5,/static/fonts/Inter-Regular.woff2,code/config
prototype/homepage-proposal/styles.css,6,/static/fonts/Inter-SemiBold.woff2,code/config
prototype/homepage-proposal/styles.css,7,/static/fonts/Inter-Bold.woff2,code/config
static/css/seo-acquisition.css,3,/static/fonts/Inter-Regular.woff2,code/config
static/css/seo-acquisition.css,10,/static/fonts/Inter-SemiBold.woff2,code/config
static/css/seo-acquisition.css,17,/static/fonts/Inter-Bold.woff2,code/config
static/css/pda-acquisition.css,3,/static/fonts/Inter-Regular.woff2,code/config
static/css/pda-acquisition.css,10,/static/fonts/Inter-SemiBold.woff2,code/config
static/css/pda-acquisition.css,17,/static/fonts/Inter-Bold.woff2,code/config
docs/seo/PDA_DEFINITION_PAGE_BRIEF.md,4,/pda-ti-einai.html,documentation
docs/seo/PDA_DEFINITION_PAGE_BRIEF.md,17,/systima-paraggeliolipsias.html,documentation
docs/seo/PDA_DEFINITION_PAGE_BRIEF.md,36,/pda-gia-servitoro/,documentation
docs/seo/PDA_DEFINITION_PAGE_BRIEF.md,63,/pda-gia-servitoro/,documentation
docs/seo/PDA_DEFINITION_PAGE_BRIEF.md,64,/pda-pos-leitourgei.html,documentation
docs/seo/PDA_DEFINITION_PAGE_BRIEF.md,65,/systima-paraggeliolipsias.html,documentation
docs/seo/PDA_DEFINITION_PAGE_BRIEF.md,88,/pda-ti-einai.html,documentation
docs/seo/PDA_DEFINITION_PAGE_BRIEF.md,153,/pda-pos-leitourgei.html,documentation
docs/seo/PDA_DEFINITION_PAGE_BRIEF.md,159,/systima-paraggeliolipsias.html,documentation
docs/seo/PDA_DEFINITION_PAGE_BRIEF.md,193,/pda-gia-servitoro/,documentation
docs/seo/PDA_DEFINITION_PAGE_BRIEF.md,228,/systima-paraggeliolipsias.html,documentation
docs/seo/PDA_DEFINITION_PAGE_BRIEF.md,234,/download/,documentation
docs/seo/PDA_DEFINITION_PAGE_BRIEF.md,257,/pda-gia-servitoro/,documentation
docs/seo/PDA_DEFINITION_PAGE_BRIEF.md,258,/pda-pos-leitourgei.html,documentation
docs/seo/PDA_DEFINITION_PAGE_BRIEF.md,259,/systima-paraggeliolipsias.html,documentation
docs/seo/PDA_DEFINITION_PAGE_BRIEF.md,260,/asyrmati-paraggeliolipsia.html,documentation
docs/seo/PDA_DEFINITION_PAGE_BRIEF.md,266,/download/,documentation
docs/seo/PDA_DEFINITION_PAGE_BRIEF.md,278,/pda-gia-servitoro/,documentation
docs/seo/PDA_AUDIENCE_AND_PAGE_REVIEW.md,49,/pda-ti-einai.html,documentation
docs/seo/PDA_AUDIENCE_AND_PAGE_REVIEW.md,51,/pda-pos-leitourgei.html,documentation
docs/seo/PDA_AUDIENCE_AND_PAGE_REVIEW.md,52,/systima-paraggeliolipsias.html,documentation
docs/seo/PDA_AUDIENCE_AND_PAGE_REVIEW.md,53,/pda-gia-servitoro/,documentation
docs/seo/PDA_AUDIENCE_AND_PAGE_REVIEW.md,54,/asyrmati-paraggeliolipsia.html,documentation
docs/seo/PDA_AUDIENCE_AND_PAGE_REVIEW.md,55,/times.html,documentation
docs/seo/PDA_AUDIENCE_AND_PAGE_REVIEW.md,56,/pda-gia-kafeteries.html,documentation
docs/seo/PDA_AUDIENCE_AND_PAGE_REVIEW.md,71,/pda-ti-einai.html,documentation
docs/seo/PDA_AUDIENCE_AND_PAGE_REVIEW.md,80,/pda-gia-servitoro/,documentation
docs/seo/PDA_AUDIENCE_AND_PAGE_REVIEW.md,173,/pda-ti-einai.html,documentation
docs/seo/PDA_AUDIENCE_AND_PAGE_REVIEW.md,185,/systima-paraggeliolipsias.html,documentation
docs/seo/PDA_AUDIENCE_AND_PAGE_REVIEW.md,198,/pda-pos-leitourgei.html,documentation
docs/seo/PDA_AUDIENCE_AND_PAGE_REVIEW.md,214,/pda-gia-servitoro/,documentation
docs/seo/PDA_AUDIENCE_AND_PAGE_REVIEW.md,244,/pda-gia-kafeteries.html,documentation
docs/seo/PDA_AUDIENCE_AND_PAGE_REVIEW.md,270,/asyrmati-paraggeliolipsia.html,documentation
docs/seo/PDA_AUDIENCE_AND_PAGE_REVIEW.md,320,/pda-gia-servitoro/,documentation
docs/seo/PDA_ARTICLE_VISUAL_STORY_BRIEF.md,3,/pda-ti-einai.html,documentation
docs/seo/PDA_ARTICLE_VISUAL_STORY_BRIEF.md,6,/pda-ti-einai.html,documentation
docs/seo/PDA_ARTICLE_VISUAL_STORY_BRIEF.md,6,/guides/,documentation
docs/seo/PDA_ARTICLE_VISUAL_STORY_BRIEF.md,6,/systima-paraggeliolipsias.html,documentation
docs/seo/PDA_ARTICLE_VISUAL_STORY_BRIEF.md,6,/download/,documentation
docs/seo/PDA_ARTICLE_VISUAL_STORY_BRIEF.md,6,/times.html,documentation
docs/seo/PDA_ARTICLE_VISUAL_STORY_BRIEF.md,212,/times.html,documentation
docs/seo/PDA_ARTICLE_VISUAL_STORY_BRIEF.md,226,/times.html,documentation
docs/seo/PDA_ARTICLE_VISUAL_STORY_BRIEF.md,249,/static/img/pospal-desktop-order.webp,documentation
docs/seo/PDA_ARTICLE_VISUAL_STORY_BRIEF.md,250,/static/img/pospal-desktop-order.png,documentation
docs/seo/PDA_ARTICLE_VISUAL_STORY_BRIEF.md,251,/static/img/pospal-icon-180.png,documentation
docs/seo/PDA_ARTICLE_VISUAL_STORY_BRIEF.md,251,/static/img/pospal-icon-96.png,documentation
docs/seo/PDA_ARTICLE_VISUAL_STORY_BRIEF.md,251,/static/img/pospal-mark-64.png,documentation
docs/seo/PDA_ARTICLE_VISUAL_STORY_BRIEF.md,252,/static/qr-menu-live-preview.png,documentation
docs/seo/PDA_ARTICLE_VISUAL_STORY_BRIEF.md,252,/static/qr-menu-live-code.png,documentation
docs/seo/PDA_ARTICLE_VISUAL_STORY_BRIEF.md,373,/pda-ti-einai.html,documentation
docs/seo/PDA_ARTICLE_VISUAL_STORY_BRIEF.md,379,/times.html,documentation
docs/seo/PDA_ARTICLE_VISUAL_STORY_BRIEF.md,380,/asyrmati-paraggeliolipsia.html,documentation
docs/seo/PDA_ARTICLE_VISUAL_STORY_BRIEF.md,380,/pda-gia-servitoro/,documentation
docs/seo/PDA_ARTICLE_VISUAL_STORY_BRIEF.md,394,/times.html,documentation
docs/seo/KEYWORD_FUNNEL_RESEARCH_2026-08-31.md,36,/pda-ti-einai.html,documentation
docs/seo/KEYWORD_FUNNEL_RESEARCH_2026-08-31.md,51,/times.html,documentation
docs/seo/KEYWORD_FUNNEL_RESEARCH_2026-08-31.md,59,/systima-paraggeliolipsias.html,documentation
docs/seo/KEYWORD_FUNNEL_RESEARCH_2026-08-31.md,141,/systima-paraggeliolipsias.html,documentation
docs/seo/KEYWORD_FUNNEL_RESEARCH_2026-08-31.md,167,/pda-ti-einai.html,documentation
docs/seo/KEYWORD_FUNNEL_RESEARCH_2026-08-31.md,168,/pda-pos-leitourgei.html,documentation
docs/seo/KEYWORD_FUNNEL_RESEARCH_2026-08-31.md,169,/systima-paraggeliolipsias.html,documentation
docs/seo/KEYWORD_FUNNEL_RESEARCH_2026-08-31.md,170,/times.html,documentation
docs/seo/KEYWORD_FUNNEL_RESEARCH_2026-08-31.md,176,/pda-ti-einai.html,documentation
docs/seo/KEYWORD_FUNNEL_RESEARCH_2026-08-31.md,181,/times.html,documentation
docs/seo/KEYWORD_FUNNEL_RESEARCH_2026-08-31.md,183,/times.html,documentation
docs/seo/KEYWORD_FUNNEL_RESEARCH_2026-08-31.md,188,/systima-paraggeliolipsias.html,documentation
docs/seo/KEYWORD_FUNNEL_RESEARCH_2026-08-31.md,190,/systima-paraggeliolipsias.html,documentation
docs/seo/KEYWORD_FUNNEL_RESEARCH_2026-08-31.md,194,/download/,documentation
docs/seo/KEYWORD_FUNNEL_RESEARCH_2026-08-31.md,196,/download/,documentation
docs/seo/KEYWORD_FUNNEL_RESEARCH_2026-08-31.md,201,/guides/,documentation
docs/seo/chatgpt-discovery-work-plan.md,13,https://pospal.gr/sitemap.xml,documentation
docs/seo/chatgpt-discovery-work-plan.md,24,https://pospal.gr/,documentation
docs/seo/chatgpt-discovery-work-plan.md,51,/sxetika-me-to-pospal/,documentation
docs/seo/chatgpt-discovery-work-plan.md,55,/guides/,documentation
docs/seo/chatgpt-discovery-work-plan.md,56,/systima-paraggeliolipsias.html,documentation
docs/seo/chatgpt-discovery-work-plan.md,65,/sxetika-me-to-pospal/,documentation
docs/seo/chatgpt-discovery-work-plan.md,78,/systima-paraggeliolipsias.html,documentation
docs/seo/chatgpt-discovery-work-plan.md,131,/sxetika-me-to-pospal/,documentation
docs/seo/chatgpt-discovery-work-plan.md,131,https://pospal.gr/sxetika-me-to-pospal/,documentation
docs/seo/chatgpt-discovery-work-plan.md,138,https://pospal.gr/#organization,documentation
docs/seo/chatgpt-discovery-work-plan.md,138,https://pospal.gr/#software,documentation
docs/seo/chatgpt-discovery-work-plan.md,192,/systima-paraggeliolipsias.html,documentation
docs/seo/chatgpt-discovery-work-plan.md,213,/times.html,documentation
docs/seo/chatgpt-discovery-work-plan.md,280,https://pospal.gr/sitemap.xml,documentation
prototype/homepage-proposal/PROPOSAL.md,7,/prototype/homepage-proposal/,documentation
prototype/homepage-proposal/index.html,9,https://pospal.gr/,code/config
prototype/homepage-proposal/index.html,15,https://pospal.gr/,code/config
prototype/homepage-proposal/index.html,17,/static/img/pospal-icon-96.png,code/config
prototype/homepage-proposal/index.html,28,/static/img/pospal-icon-96.png,code/config
prototype/homepage-proposal/index.html,32,/guides/,code/config
prototype/homepage-proposal/index.html,34,/download/,code/config
prototype/homepage-proposal/index.html,38,/guides/,code/config
prototype/homepage-proposal/index.html,39,/download/,code/config
prototype/homepage-proposal/index.html,51,/download/,code/config
prototype/homepage-proposal/index.html,52,/guides/,code/config
prototype/homepage-proposal/index.html,65,/static/img/pospal-desktop-order.webp,code/config
prototype/homepage-proposal/index.html,66,/static/img/pospal-desktop-order.webp,code/config
prototype/homepage-proposal/index.html,71,/static/img/pda-send-mobile.webp,code/config
prototype/homepage-proposal/index.html,72,/static/img/pda-send-mobile.webp,code/config
prototype/homepage-proposal/index.html,86,/pda-gia-servitoro/,code/config
prototype/homepage-proposal/index.html,95,/download/,code/config
prototype/homepage-proposal/index.html,132,/static/qr-menu-live-code.png,code/config
prototype/homepage-proposal/index.html,136,/static/qr-menu-live-preview.png,code/config
prototype/homepage-proposal/index.html,149,/download/,code/config
prototype/homepage-proposal/index.html,161,/download/,code/config
prototype/homepage-proposal/index.html,171,/guides/,code/config
prototype/homepage-proposal/index.html,180,/guides/,code/config
prototype/homepage-proposal/index.html,221,/download/,code/config
prototype/homepage-proposal/index.html,287,/download/,code/config
prototype/homepage-proposal/index.html,288,/guides/,code/config
prototype/homepage-proposal/index.html,304,/download/,code/config
prototype/homepage-proposal/index.html,305,/guides/,code/config
prototype/homepage-proposal/index.html,306,/times.html,code/config
prototype/homepage-proposal/index.html,310,/pda-ti-einai.html,code/config
prototype/homepage-proposal/index.html,311,/pda-pos-leitourgei.html,code/config
prototype/homepage-proposal/index.html,312,/pda-gia-servitoro/,code/config
prototype/homepage-proposal/index.html,313,/pda-gia-kafeteries.html,code/config
prototype/homepage-proposal/index.html,317,/systima-paraggeliolipsias.html,code/config
prototype/homepage-proposal/index.html,318,/asyrmati-paraggeliolipsia.html,code/config
prototype/homepage-proposal/index.html,319,/paraggelio-lipsia-gia-beach-bar.html,code/config
prototype/homepage-proposal/index.html,330,/eula/,code/config
prototype/homepage-proposal/index.html,330,/dpa/,code/config
prototype/homepage-proposal/index.html,330,/cookies/,code/config
prototype/homepage-proposal/index.html,330,/subprocessors/,code/config
prototype/homepage-proposal/index.html,330,/privacy/,code/config
prototype/homepage-proposal/index.html,330,/terms/,code/config
prototype/homepage-proposal/index.html,330,/legal/,code/config
.github/scripts/verify-legal-render.mjs,5,/${slug}/,code/config
.github/scripts/verify-legal-render.mjs,5,/en/${slug}/,code/config
dpa/index.html,9,https://pospal.gr/dpa/,code/config
dpa/index.html,10,https://pospal.gr/en/dpa/,code/config
dpa/index.html,11,/static/css/site-redesign.css,code/config
dpa/index.html,12,/static/css/legal.css,code/config
dpa/index.html,13,/static/css/legal-links.css,code/config
dpa/index.html,14,/static/js/ga-consent.js,code/config
dpa/index.html,17,/times.html,code/config
dpa/index.html,17,/en/dpa/,code/config
dpa/index.html,17,/download/,code/config
dpa/index.html,25,/subprocessors/,code/config
dpa/index.html,29,/eula/,code/config
dpa/index.html,29,/dpa/,code/config
dpa/index.html,29,/cookies/,code/config
dpa/index.html,29,/subprocessors/,code/config
dpa/index.html,29,/privacy/,code/config
dpa/index.html,29,/terms/,code/config
dpa/index.html,29,/legal/,code/config
docs/seo/WAITER_PDA_PAGE_COPY_DRAFT.md,7,/pda-gia-servitoro/,documentation
docs/seo/WAITER_PDA_PAGE_COPY_DRAFT.md,15,/pda-ti-einai.html,documentation
docs/seo/WAITER_PDA_PAGE_COPY_DRAFT.md,16,/pda-gia-servitoro/,documentation
docs/seo/WAITER_PDA_PAGE_COPY_DRAFT.md,19,/download/,documentation
docs/seo/WAITER_PDA_PAGE_COPY_DRAFT.md,47,https://pospal.gr/pda-gia-servitoro/,documentation
docs/seo/WAITER_PDA_PAGE_COPY_DRAFT.md,218,/download/,documentation
docs/seo/WAITER_PDA_PAGE_COPY_DRAFT.md,219,/times.html,documentation
docs/seo/WAITER_PDA_PAGE_COPY_DRAFT.md,220,/asyrmati-paraggeliolipsia.html,documentation
docs/seo/WAITER_PDA_PAGE_COPY_DRAFT.md,221,/guides/,documentation
docs/seo/WAITER_PDA_PAGE_COPY_DRAFT.md,222,/pda-ti-einai.html,documentation
docs/seo/WAITER_PDA_PAGE_COPY_DRAFT.md,223,/pda-pos-leitourgei.html,documentation
docs/seo/WAITER_PDA_PAGE_COPY_DRAFT.md,224,/pda-gia-kafeteries.html,documentation
docs/seo/WAITER_PDA_PAGE_COPY_DRAFT.md,225,/systima-paraggeliolipsias.html,documentation
docs/seo/WAITER_PDA_COMMERCIAL_BRIEF.md,5,/pda-gia-servitoro/,documentation
docs/seo/WAITER_PDA_COMMERCIAL_BRIEF.md,43,/pda-ti-einai.html,documentation
docs/seo/WAITER_PDA_COMMERCIAL_BRIEF.md,44,/pda-pos-leitourgei.html,documentation
docs/seo/WAITER_PDA_COMMERCIAL_BRIEF.md,45,/asyrmati-paraggeliolipsia.html,documentation
docs/seo/WAITER_PDA_COMMERCIAL_BRIEF.md,46,/systima-paraggeliolipsias.html,documentation
docs/seo/WAITER_PDA_COMMERCIAL_BRIEF.md,60,https://pospal.gr/pda-gia-servitoro/,documentation
docs/seo/WAITER_PDA_COMMERCIAL_BRIEF.md,170,/download/,documentation
docs/seo/SYSTEM_PAGE_IMPLEMENTATION_LOG.md,5,/systima-paraggeliolipsias.html,documentation
docs/seo/SYSTEM_PAGE_IMPLEMENTATION_LOG.md,40,https://pospal.gr/systima-paraggeliolipsias.html,documentation
docs/seo/SYSTEM_PAGE_IMPLEMENTATION_LOG.md,46,/download/,documentation
docs/seo/SYSTEM_PAGE_IMPLEMENTATION_LOG.md,146,/download/,documentation
docs/seo/SYSTEM_PAGE_CONTENT_BRIEF.md,5,/systima-paraggeliolipsias.html,documentation
docs/seo/SYSTEM_PAGE_CONTENT_BRIEF.md,25,/download/,documentation
docs/seo/SYSTEM_PAGE_CONTENT_BRIEF.md,420,/download/,documentation
docs/seo/SYSTEM_PAGE_CONTENT_BRIEF.md,421,/download/,documentation
docs/seo/SYSTEM_PAGE_CONTENT_BRIEF.md,423,/asyrmati-paraggeliolipsia.html,documentation
docs/seo/SYSTEM_PAGE_CONTENT_BRIEF.md,424,/guides/,documentation
docs/seo/SYSTEM_PAGE_CONTENT_BRIEF.md,425,/download/,documentation
docs/seo/SYSTEM_PAGE_CONTENT_BRIEF.md,426,/times.html,documentation
docs/seo/SYSTEM_PAGE_CONTENT_BRIEF.md,428,/download/,documentation
docs/seo/SYSTEM_PAGE_CONTENT_BRIEF.md,462,/download/,documentation
docs/seo/SYSTEM_PAGE_COMPETITOR_RESEARCH_2026-08-30.md,4,/systima-paraggeliolipsias.html,documentation
guides/windows-installation/index.html,9,https://pospal.gr/guides/windows-installation/,code/config
guides/windows-installation/index.html,16,https://pospal.gr/guides/windows-installation/,code/config
guides/windows-installation/index.html,19,/app_icon.ico,code/config
guides/windows-installation/index.html,20,/app_icon.ico,code/config
guides/windows-installation/index.html,21,/static/css/site-redesign.css,code/config
guides/windows-installation/index.html,22,/static/css/academy.css?v=20260901-2,code/config
guides/windows-installation/index.html,23,/static/css/guide-article.css,code/config
guides/windows-installation/index.html,24,/static/js/ga-consent.js,code/config
guides/windows-installation/index.html,25,/static/js/ga-events.js,code/config
guides/windows-installation/index.html,26,/static/css/legal-links.css,code/config
guides/windows-installation/index.html,33,/app_icon.ico,code/config
guides/windows-installation/index.html,37,/guides/,code/config
guides/windows-installation/index.html,38,/download/,code/config
guides/windows-installation/index.html,46,/guides/,code/config
guides/windows-installation/index.html,64,/download/,code/config
guides/windows-installation/index.html,138,/guides/printer-setup/,code/config
guides/windows-installation/index.html,145,/guides/app-tour/,code/config
guides/windows-installation/index.html,159,/guides/,code/config
guides/windows-installation/index.html,160,/download/,code/config
guides/windows-installation/index.html,166,/eula/,code/config
guides/windows-installation/index.html,166,/dpa/,code/config
guides/windows-installation/index.html,166,/cookies/,code/config
guides/windows-installation/index.html,166,/subprocessors/,code/config
guides/windows-installation/index.html,166,/privacy/,code/config
guides/windows-installation/index.html,166,/terms/,code/config
guides/windows-installation/index.html,166,/legal/,code/config
docs/seo/ai-discovery-benchmark/SCORECARD.md,163,https://pospal.gr/times.html,documentation
docs/seo/ai-discovery-benchmark/SCORECARD.md,195,/systima-paraggeliolipsias.html,documentation
en/terms/index.html,9,https://pospal.gr/en/terms/,code/config
en/terms/index.html,10,https://pospal.gr/terms/,code/config
en/terms/index.html,11,/static/css/site-redesign.css,code/config
en/terms/index.html,12,/static/css/legal.css,code/config
en/terms/index.html,13,/static/css/legal-links.css,code/config
en/terms/index.html,14,/static/js/ga-consent.js,code/config
en/terms/index.html,17,/times.html,code/config
en/terms/index.html,17,/download/,code/config
en/terms/index.html,17,/terms/,code/config
en/terms/index.html,30,/en/subprocessors/,code/config
en/terms/index.html,30,/en/privacy/,code/config
en/terms/index.html,30,/en/eula/,code/config
en/terms/index.html,30,/en/legal/,code/config
en/terms/index.html,30,/en/cookies/,code/config
en/terms/index.html,30,/en/terms/,code/config
en/terms/index.html,30,/en/dpa/,code/config
docs/adr/0001-freeze-launch-inventory-and-gate-seo-expansion.md,3,/guides/,documentation
docs/adr/0001-freeze-launch-inventory-and-gate-seo-expansion.md,3,/download/,documentation
docs/adr/0001-freeze-launch-inventory-and-gate-seo-expansion.md,5,/guides/,documentation
en/privacy/index.html,9,https://pospal.gr/en/privacy/,code/config
en/privacy/index.html,10,https://pospal.gr/privacy/,code/config
en/privacy/index.html,11,/static/css/site-redesign.css,code/config
en/privacy/index.html,12,/static/css/legal.css,code/config
en/privacy/index.html,13,/static/css/legal-links.css,code/config
en/privacy/index.html,14,/static/js/ga-consent.js,code/config
en/privacy/index.html,17,/times.html,code/config
en/privacy/index.html,17,/download/,code/config
en/privacy/index.html,17,/privacy/,code/config
en/privacy/index.html,26,/en/cookies/,code/config
en/privacy/index.html,28,/en/subprocessors/,code/config
en/privacy/index.html,35,/en/subprocessors/,code/config
en/privacy/index.html,35,/en/privacy/,code/config
en/privacy/index.html,35,/en/eula/,code/config
en/privacy/index.html,35,/en/legal/,code/config
en/privacy/index.html,35,/en/cookies/,code/config
en/privacy/index.html,35,/en/terms/,code/config
en/privacy/index.html,35,/en/dpa/,code/config
en/legal/index.html,9,https://pospal.gr/en/legal/,code/config
en/legal/index.html,10,https://pospal.gr/legal/,code/config
en/legal/index.html,11,/static/css/site-redesign.css,code/config
en/legal/index.html,12,/static/css/legal.css,code/config
en/legal/index.html,13,/static/css/legal-links.css,code/config
en/legal/index.html,14,/static/js/ga-consent.js,code/config
en/legal/index.html,17,/times.html,code/config
en/legal/index.html,17,/download/,code/config
en/legal/index.html,17,/legal/,code/config
en/legal/index.html,23,/en/subprocessors/,code/config
en/legal/index.html,23,/en/privacy/,code/config
en/legal/index.html,23,/en/eula/,code/config
en/legal/index.html,23,/en/cookies/,code/config
en/legal/index.html,23,/en/terms/,code/config
en/legal/index.html,23,/en/dpa/,code/config
en/legal/index.html,25,/en/subprocessors/,code/config
en/legal/index.html,25,/en/privacy/,code/config
en/legal/index.html,25,/en/eula/,code/config
en/legal/index.html,25,/en/legal/,code/config
en/legal/index.html,25,/en/cookies/,code/config
en/legal/index.html,25,/en/terms/,code/config
en/legal/index.html,25,/en/dpa/,code/config
graphify-out/GRAPH_REPORT.md,323,/pda-ti-einai.html,graph/index
graphify-out/GRAPH_REPORT.md,323,/pda-gia-kafeteries.html,graph/index
graphify-out/GRAPH_REPORT.md,323,/pda-gia-servitoro/,graph/index
graphify-out/GRAPH_REPORT.md,323,/pda-pos-leitourgei.html,graph/index
graphify-out/GRAPH_REPORT.md,335,/pda-ti-einai.html,graph/index
graphify-out/GRAPH_REPORT.md,335,/guides/,graph/index
graphify-out/GRAPH_REPORT.md,335,/pda-gia-servitoro/,graph/index
graphify-out/GRAPH_REPORT.md,335,/pda-pos-leitourgei.html,graph/index
graphify-out/GRAPH_REPORT.md,335,/paraggelio-lipsia-gia-beach-bar.html,graph/index
graphify-out/GRAPH_REPORT.md,335,/download/,graph/index
graphify-out/GRAPH_REPORT.md,335,/asyrmati-paraggeliolipsia.html,graph/index
graphify-out/GRAPH_REPORT.md,451,/asyrmati-paraggeliolipsia.html,graph/index
graphify-out/GRAPH_REPORT.md,567,/pda-ti-einai.html,graph/index
graphify-out/GRAPH_REPORT.md,567,/guides/,graph/index
graphify-out/GRAPH_REPORT.md,567,/systima-paraggeliolipsias.html,graph/index
graphify-out/GRAPH_REPORT.md,567,/download/,graph/index
graphify-out/GRAPH_REPORT.md,567,/times.html,graph/index
graphify-out/GRAPH_REPORT.md,619,/sxetika-me-to-pospal/,graph/index
graphify-out/GRAPH_REPORT.md,667,/arthra/,graph/index
graphify-out/graph.json,3939,/download/,graph/index
graphify-out/graph.json,3946,/download/,graph/index
graphify-out/graph.json,3949,/guides/,graph/index
graphify-out/graph.json,3956,/guides/,graph/index
graphify-out/graph.json,3959,/pda-ti-einai.html,graph/index
graphify-out/graph.json,3966,/pda-ti-einai.html,graph/index
graphify-out/graph.json,3969,/pda-pos-leitourgei.html,graph/index
graphify-out/graph.json,3976,/pda-pos-leitourgei.html,graph/index
graphify-out/graph.json,3979,/pda-gia-servitoro/,graph/index
graphify-out/graph.json,3986,/pda-gia-servitoro/,graph/index
graphify-out/graph.json,3989,/times.html,graph/index
graphify-out/graph.json,3996,/times.html,graph/index
graphify-out/graph.json,3999,/systima-paraggeliolipsias.html,graph/index
graphify-out/graph.json,4006,/systima-paraggeliolipsias.html,graph/index
graphify-out/graph.json,4009,/pda-gia-kafeteries.html,graph/index
graphify-out/graph.json,4016,/pda-gia-kafeteries.html,graph/index
graphify-out/graph.json,4019,/paraggelio-lipsia-gia-beach-bar.html,graph/index
graphify-out/graph.json,4026,/paraggelio-lipsia-gia-beach-bar.html,graph/index
graphify-out/graph.json,4029,/asyrmati-paraggeliolipsia.html,graph/index
graphify-out/graph.json,4036,/asyrmati-paraggeliolipsia.html,graph/index
graphify-out/graph.json,5039,/times.html,graph/index
graphify-out/graph.json,5046,/times.html,graph/index
graphify-out/graph.json,5049,/download/,graph/index
graphify-out/graph.json,5056,/download/,graph/index
graphify-out/graph.json,5059,/guides/,graph/index
graphify-out/graph.json,5066,/guides/,graph/index
graphify-out/graph.json,5069,/support.html,graph/index
graphify-out/graph.json,5076,/support.html,graph/index
graphify-out/graph.json,5869,/pda-ti-einai.html,graph/index
graphify-out/graph.json,5876,/pda-ti-einai.html,graph/index
graphify-out/graph.json,5879,/times.html,graph/index
graphify-out/graph.json,5886,/times.html,graph/index
graphify-out/graph.json,5889,/systima-paraggeliolipsias.html,graph/index
graphify-out/graph.json,5896,/systima-paraggeliolipsias.html,graph/index
graphify-out/graph.json,5899,/download/,graph/index
graphify-out/graph.json,5906,/download/,graph/index
graphify-out/graph.json,5909,/guides/,graph/index
graphify-out/graph.json,5916,/guides/,graph/index
graphify-out/graph.json,6699,/pda-ti-einai.html,graph/index
graphify-out/graph.json,6706,/pda-ti-einai.html,graph/index
graphify-out/graph.json,6709,/pda-gia-servitoro/,graph/index
graphify-out/graph.json,6716,/pda-gia-servitoro/,graph/index
graphify-out/graph.json,6779,/pda-ti-einai.html,graph/index
graphify-out/graph.json,6786,/pda-ti-einai.html,graph/index
graphify-out/graph.json,6789,/pda-pos-leitourgei.html,graph/index
graphify-out/graph.json,6796,/pda-pos-leitourgei.html,graph/index
graphify-out/graph.json,6799,/pda-gia-servitoro/,graph/index
graphify-out/graph.json,6806,/pda-gia-servitoro/,graph/index
graphify-out/graph.json,6809,/pda-gia-kafeteries.html,graph/index
graphify-out/graph.json,6816,/pda-gia-kafeteries.html,graph/index
graphify-out/graph.json,10699,/sxetika-me-to-pospal/,graph/index
graphify-out/graph.json,10706,/sxetika-me-to-pospal/,graph/index
graphify-out/graph.json,12099,/systima-paraggeliolipsias.html,graph/index
graphify-out/graph.json,12106,/systima-paraggeliolipsias.html,graph/index
graphify-out/graph.json,12109,/asyrmati-paraggeliolipsia.html,graph/index
graphify-out/graph.json,12116,/asyrmati-paraggeliolipsia.html,graph/index
graphify-out/graph.json,12129,/times.html,graph/index
graphify-out/graph.json,12136,/times.html,graph/index
graphify-out/graph.json,12139,/sxetika-me-to-pospal/,graph/index
graphify-out/graph.json,12146,/sxetika-me-to-pospal/,graph/index
graphify-out/graph.json,16421,https://pospal.gr/guides/account/,graph/index
graphify-out/graph.json,16434,https://pospal.gr/guides/app-tour/,graph/index
graphify-out/graph.json,16447,https://pospal.gr/guides/,graph/index
graphify-out/graph.json,16460,https://pospal.gr/guides/printer-setup/,graph/index
graphify-out/graph.json,16473,https://pospal.gr/guides/qr-menu/,graph/index
graphify-out/graph.json,16486,https://pospal.gr/guides/settings/,graph/index
graphify-out/graph.json,16499,https://pospal.gr/guides/troubleshooting/,graph/index
graphify-out/graph.json,16512,https://pospal.gr/guides/windows-installation/,graph/index
graphify-out/graph.json,16525,https://pospal.gr/paraggelio-lipsia-gia-beach-bar.html,graph/index
graphify-out/graph.json,16538,https://pospal.gr/pda-gia-kafeteries.html,graph/index
graphify-out/graph.json,16551,https://pospal.gr/pda-gia-servitoro/,graph/index
graphify-out/graph.json,16564,https://pospal.gr/pda-pos-leitourgei.html,graph/index
graphify-out/graph.json,16577,https://pospal.gr/pda-ti-einai.html,graph/index
graphify-out/graph.json,16616,https://pospal.gr/sxetika-me-to-pospal/,graph/index
graphify-out/graph.json,16629,https://pospal.gr/systima-paraggeliolipsias.html,graph/index
graphify-out/graph.html,69,/pda-ti-einai.html,graph/index
graphify-out/graph.html,69,/pda-gia-kafeteries.html,graph/index
graphify-out/graph.html,69,/guides/,graph/index
graphify-out/graph.html,69,/systima-paraggeliolipsias.html,graph/index
graphify-out/graph.html,69,/support.html,graph/index
graphify-out/graph.html,69,/pda-gia-servitoro/,graph/index
graphify-out/graph.html,69,/asyrmati-paraggeliolipsia.html,graph/index
graphify-out/graph.html,69,/download/,graph/index
graphify-out/graph.html,69,/paraggelio-lipsia-gia-beach-bar.html,graph/index
graphify-out/graph.html,69,/sxetika-me-to-pospal/,graph/index
graphify-out/graph.html,69,/times.html,graph/index
graphify-out/graph.html,69,/pda-pos-leitourgei.html,graph/index
graphify-out/graph.html,75,"/g,",graph/index
docs/redesign/technical-seo-baseline-2026-06-19.md,7,https://pospal.gr/,documentation
docs/redesign/technical-seo-baseline-2026-06-19.md,33,/pda-ti-einai.html,documentation
docs/redesign/technical-seo-baseline-2026-06-19.md,34,/pda-pos-leitourgei.html,documentation
docs/redesign/technical-seo-baseline-2026-06-19.md,35,/paraggelio-lipsia-gia-beach-bar.html,documentation
docs/redesign/technical-seo-baseline-2026-06-19.md,36,/systima-paraggeliolipsias.html,documentation
docs/redesign/technical-seo-baseline-2026-06-19.md,37,/times.html,documentation
docs/redesign/technical-seo-baseline-2026-06-19.md,38,/pda-gia-kafeteries.html,documentation
docs/redesign/technical-seo-baseline-2026-06-19.md,40,/times.html,documentation
docs/redesign/technical-seo-baseline-2026-06-19.md,49,https://pospal.gr/sitemap.xml,documentation
docs/redesign/technical-seo-baseline-2026-06-19.md,66,/qr-menu-gia-estiash.html,documentation
docs/redesign/technical-seo-baseline-2026-06-19.md,71,/dwrean-dokimi-30-imeron/,documentation
docs/redesign/technical-seo-baseline-2026-06-19.md,72,/pda-gia-kafeteria/,documentation
docs/redesign/technical-seo-baseline-2026-06-19.md,73,/times-systimatos-parageliolipsias/,documentation
docs/redesign/technical-seo-baseline-2026-06-19.md,74,/qr-menu-estiasis/,documentation
docs/redesign/technical-seo-baseline-2026-06-19.md,75,/asyrmati-parageliolipsia-estiasi/,documentation
docs/redesign/technical-seo-baseline-2026-06-19.md,110,https://pospal.gr/,documentation
docs/redesign/technical-seo-baseline-2026-06-19.md,125,/times.html,documentation
docs/redesign/technical-seo-baseline-2026-06-19.md,125,/times-systimatos-parageliolipsias/,documentation
docs/redesign/technical-seo-baseline-2026-06-19.md,126,/pda-gia-kafeteries.html,documentation
docs/redesign/technical-seo-baseline-2026-06-19.md,126,/pda-gia-kafeteria/,documentation
docs/redesign/technical-seo-baseline-2026-06-19.md,127,/asyrmati-parageliolipsia-estiasi/,documentation
docs/redesign/technical-seo-baseline-2026-06-19.md,127,/asyrmati-paraggeliolipsia.html,documentation
docs/redesign/technical-seo-baseline-2026-06-19.md,128,/qr-menu-gia-estiash.html,documentation
docs/redesign/technical-seo-baseline-2026-06-19.md,128,/qr-menu-estiasis/,documentation
docs/redesign/search-console-intent-map-2026-06-23.md,13,/guides/,documentation
docs/redesign/search-console-intent-map-2026-06-23.md,13,/download/,documentation
docs/redesign/search-console-intent-map-2026-06-23.md,20,/pda-ti-einai.html,documentation
docs/redesign/search-console-intent-map-2026-06-23.md,20,/pda-pos-leitourgei.html,documentation
docs/redesign/search-console-intent-map-2026-06-23.md,21,/pda-gia-kafeteries.html,documentation
docs/redesign/search-console-intent-map-2026-06-23.md,21,/pda-gia-servitoro/,documentation
docs/redesign/search-console-intent-map-2026-06-23.md,22,/systima-paraggeliolipsias.html,documentation
docs/redesign/search-console-intent-map-2026-06-23.md,23,/asyrmati-paraggeliolipsia.html,documentation
docs/redesign/search-console-intent-map-2026-06-23.md,24,/times.html,documentation
docs/redesign/search-console-intent-map-2026-06-23.md,25,/paraggelio-lipsia-gia-beach-bar.html,documentation
docs/redesign/search-console-intent-map-2026-06-23.md,37,/times.html,documentation
docs/redesign/search-console-intent-map-2026-06-23.md,45,/pda-ti-einai.html,documentation
docs/redesign/search-console-intent-map-2026-06-23.md,46,/pda-pos-leitourgei.html,documentation
docs/redesign/search-console-intent-map-2026-06-23.md,47,/pda-gia-servitoro/,documentation
docs/redesign/search-console-intent-map-2026-06-23.md,51,/pda-gia-kafeteries.html,documentation
docs/redesign/search-console-intent-map-2026-06-23.md,52,/systima-paraggeliolipsias.html,documentation
docs/redesign/search-console-intent-map-2026-06-23.md,53,/times.html,documentation
docs/redesign/search-console-intent-map-2026-06-23.md,54,/paraggelio-lipsia-gia-beach-bar.html,documentation
docs/redesign/search-console-intent-map-2026-06-23.md,55,/asyrmati-paraggeliolipsia.html,documentation
docs/redesign/search-console-intent-map-2026-06-23.md,66,/pda-ti-einai.html,documentation
docs/redesign/search-console-intent-map-2026-06-23.md,66,/systima-paraggeliolipsias.html,documentation
docs/redesign/search-console-intent-map-2026-06-23.md,66,/pda-gia-servitoro/,documentation
docs/redesign/search-console-intent-map-2026-06-23.md,66,/times.html,documentation
docs/redesign/search-console-intent-map-2026-06-23.md,66,/pda-pos-leitourgei.html,documentation
cookies/index.html,9,https://pospal.gr/cookies/,code/config
cookies/index.html,10,https://pospal.gr/en/cookies/,code/config
cookies/index.html,11,/static/css/site-redesign.css,code/config
cookies/index.html,12,/static/css/legal.css,code/config
cookies/index.html,13,/static/css/legal-links.css,code/config
cookies/index.html,14,/static/js/ga-consent.js,code/config
cookies/index.html,17,/times.html,code/config
cookies/index.html,17,/en/cookies/,code/config
cookies/index.html,17,/download/,code/config
cookies/index.html,24,/eula/,code/config
cookies/index.html,24,/dpa/,code/config
cookies/index.html,24,/cookies/,code/config
cookies/index.html,24,/subprocessors/,code/config
cookies/index.html,24,/privacy/,code/config
cookies/index.html,24,/terms/,code/config
cookies/index.html,24,/legal/,code/config
guides/troubleshooting/index.html,9,https://pospal.gr/guides/troubleshooting/,code/config
guides/troubleshooting/index.html,16,https://pospal.gr/guides/troubleshooting/,code/config
guides/troubleshooting/index.html,19,/app_icon.ico,code/config
guides/troubleshooting/index.html,20,/app_icon.ico,code/config
guides/troubleshooting/index.html,21,/static/css/site-redesign.css,code/config
guides/troubleshooting/index.html,22,/static/css/academy.css?v=20260901-2,code/config
guides/troubleshooting/index.html,23,/static/css/guide-article.css,code/config
guides/troubleshooting/index.html,24,/static/js/ga-consent.js,code/config
guides/troubleshooting/index.html,25,/static/js/ga-events.js,code/config
guides/troubleshooting/index.html,26,/static/css/legal-links.css,code/config
guides/troubleshooting/index.html,33,/app_icon.ico,code/config
guides/troubleshooting/index.html,37,/guides/,code/config
guides/troubleshooting/index.html,38,/download/,code/config
guides/troubleshooting/index.html,46,/guides/,code/config
guides/troubleshooting/index.html,135,/guides/,code/config
guides/troubleshooting/index.html,136,/download/,code/config
guides/troubleshooting/index.html,142,/eula/,code/config
guides/troubleshooting/index.html,142,/dpa/,code/config
guides/troubleshooting/index.html,142,/cookies/,code/config
guides/troubleshooting/index.html,142,/subprocessors/,code/config
guides/troubleshooting/index.html,142,/privacy/,code/config
guides/troubleshooting/index.html,142,/terms/,code/config
guides/troubleshooting/index.html,142,/legal/,code/config
guides/app-tour/index.html,9,https://pospal.gr/guides/app-tour/,code/config
guides/app-tour/index.html,16,https://pospal.gr/guides/app-tour/,code/config
guides/app-tour/index.html,19,/app_icon.ico,code/config
guides/app-tour/index.html,20,/app_icon.ico,code/config
guides/app-tour/index.html,21,/static/css/site-redesign.css,code/config
guides/app-tour/index.html,22,/static/css/academy.css?v=20260901-2,code/config
guides/app-tour/index.html,23,/static/css/guide-article.css,code/config
guides/app-tour/index.html,24,/static/js/ga-consent.js,code/config
guides/app-tour/index.html,25,/static/js/ga-events.js,code/config
guides/app-tour/index.html,26,/static/css/legal-links.css,code/config
guides/app-tour/index.html,33,/app_icon.ico,code/config
guides/app-tour/index.html,37,/guides/,code/config
guides/app-tour/index.html,38,/download/,code/config
guides/app-tour/index.html,46,/guides/,code/config
guides/app-tour/index.html,142,/guides/settings/,code/config
guides/app-tour/index.html,156,/guides/,code/config
guides/app-tour/index.html,157,/download/,code/config
guides/app-tour/index.html,163,/eula/,code/config
guides/app-tour/index.html,163,/dpa/,code/config
guides/app-tour/index.html,163,/cookies/,code/config
guides/app-tour/index.html,163,/subprocessors/,code/config
guides/app-tour/index.html,163,/privacy/,code/config
guides/app-tour/index.html,163,/terms/,code/config
guides/app-tour/index.html,163,/legal/,code/config
en/eula/index.html,9,https://pospal.gr/en/eula/,code/config
en/eula/index.html,10,https://pospal.gr/eula/,code/config
en/eula/index.html,11,/static/css/site-redesign.css,code/config
en/eula/index.html,12,/static/css/legal.css,code/config
en/eula/index.html,13,/static/css/legal-links.css,code/config
en/eula/index.html,14,/static/js/ga-consent.js,code/config
en/eula/index.html,17,/times.html,code/config
en/eula/index.html,17,/eula/,code/config
en/eula/index.html,17,/download/,code/config
en/eula/index.html,22,/en/terms/,code/config
en/eula/index.html,27,/en/privacy/,code/config
en/eula/index.html,27,/en/dpa/,code/config
en/eula/index.html,33,/en/subprocessors/,code/config
en/eula/index.html,33,/en/privacy/,code/config
en/eula/index.html,33,/en/eula/,code/config
en/eula/index.html,33,/en/legal/,code/config
en/eula/index.html,33,/en/cookies/,code/config
en/eula/index.html,33,/en/terms/,code/config
en/eula/index.html,33,/en/dpa/,code/config
en/subprocessors/index.html,9,https://pospal.gr/en/subprocessors/,code/config
en/subprocessors/index.html,10,https://pospal.gr/subprocessors/,code/config
en/subprocessors/index.html,11,/static/css/site-redesign.css,code/config
en/subprocessors/index.html,12,/static/css/legal.css,code/config
en/subprocessors/index.html,13,/static/css/legal-links.css,code/config
en/subprocessors/index.html,14,/static/js/ga-consent.js,code/config
en/subprocessors/index.html,17,/times.html,code/config
en/subprocessors/index.html,17,/download/,code/config
en/subprocessors/index.html,17,/subprocessors/,code/config
en/subprocessors/index.html,22,/en/subprocessors/,code/config
en/subprocessors/index.html,22,/en/privacy/,code/config
en/subprocessors/index.html,22,/en/eula/,code/config
en/subprocessors/index.html,22,/en/legal/,code/config
en/subprocessors/index.html,22,/en/cookies/,code/config
en/subprocessors/index.html,22,/en/terms/,code/config
en/subprocessors/index.html,22,/en/dpa/,code/config
en/cookies/index.html,9,https://pospal.gr/en/cookies/,code/config
en/cookies/index.html,10,https://pospal.gr/cookies/,code/config
en/cookies/index.html,11,/static/css/site-redesign.css,code/config
en/cookies/index.html,12,/static/css/legal.css,code/config
en/cookies/index.html,13,/static/css/legal-links.css,code/config
en/cookies/index.html,14,/static/js/ga-consent.js,code/config
en/cookies/index.html,17,/times.html,code/config
en/cookies/index.html,17,/download/,code/config
en/cookies/index.html,17,/cookies/,code/config
en/cookies/index.html,24,/en/subprocessors/,code/config
en/cookies/index.html,24,/en/privacy/,code/config
en/cookies/index.html,24,/en/eula/,code/config
en/cookies/index.html,24,/en/legal/,code/config
en/cookies/index.html,24,/en/cookies/,code/config
en/cookies/index.html,24,/en/terms/,code/config
en/cookies/index.html,24,/en/dpa/,code/config
guides/index.html,9,https://pospal.gr/guides/,code/config
guides/index.html,16,https://pospal.gr/guides/,code/config
guides/index.html,19,/app_icon.ico,code/config
guides/index.html,20,/app_icon.ico,code/config
guides/index.html,21,/static/css/site-redesign.css,code/config
guides/index.html,22,/static/css/academy.css,code/config
guides/index.html,23,/static/css/guides-hub.css,code/config
guides/index.html,24,/static/js/ga-consent.js,code/config
guides/index.html,25,/static/js/ga-events.js,code/config
guides/index.html,26,/static/js/academy.js,code/config
guides/index.html,27,/static/css/legal-links.css,code/config
guides/index.html,35,/app_icon.ico,code/config
guides/index.html,40,/download/,code/config
guides/index.html,54,/app_icon.ico,code/config
guides/index.html,63,/download/,code/config
guides/index.html,73,/guides/printer-setup/,code/config
guides/index.html,78,/guides/windows-installation/,code/config
guides/index.html,83,/guides/app-tour/,code/config
guides/index.html,88,/guides/settings/,code/config
guides/index.html,93,/guides/qr-menu/,code/config
guides/index.html,98,/guides/account/,code/config
guides/index.html,103,/guides/troubleshooting/,code/config
guides/index.html,121,/download/,code/config
guides/index.html,127,/eula/,code/config
guides/index.html,127,/dpa/,code/config
guides/index.html,127,/cookies/,code/config
guides/index.html,127,/subprocessors/,code/config
guides/index.html,127,/privacy/,code/config
guides/index.html,127,/terms/,code/config
guides/index.html,127,/legal/,code/config
docs/seo/proof-records/PRF-2026-002.md,20,/download/,documentation
docs/seo/proof-records/PRF-2026-001.md,16,/systima-paraggeliolipsias.html,documentation
docs/seo/proof-records/PRF-2026-001.md,17,/asyrmati-paraggeliolipsia.html,documentation
docs/seo/proof-records/PRF-2026-001.md,18,/download/,documentation
docs/seo/post-redesign-evaluation-2026-08-02.md,13,/guides/,documentation
docs/seo/post-redesign-evaluation-2026-08-02.md,13,/download/,documentation
docs/seo/post-redesign-evaluation-2026-08-02.md,159,/guides/,documentation
docs/seo/post-redesign-evaluation-2026-08-02.md,159,/download/,documentation
docs/seo/post-redesign-evaluation-2026-08-02.md,167,/times.html,documentation
docs/seo/post-redesign-evaluation-2026-08-02.md,167,/times-systimatos-parageliolipsias/,documentation
docs/seo/post-redesign-evaluation-2026-08-02.md,168,/menu-estiatoriou.html,documentation
docs/seo/post-redesign-evaluation-2026-08-02.md,169,/installation-guide.html,documentation
docs/seo/post-redesign-evaluation-2026-08-02.md,169,/guides/,documentation
docs/seo/post-redesign-evaluation-2026-08-02.md,170,/download/,documentation
docs/seo/post-redesign-evaluation-2026-08-02.md,170,/buy-license.html,documentation
docs/seo/post-redesign-evaluation-2026-08-02.md,171,/dwrean-dokimi-30-imeron/,documentation
docs/seo/post-redesign-evaluation-2026-08-02.md,171,/download/,documentation
docs/seo/post-redesign-evaluation-2026-08-02.md,172,/guides/,documentation
docs/seo/post-redesign-evaluation-2026-08-02.md,190,/times.html,documentation
docs/seo/post-redesign-evaluation-2026-08-02.md,190,/download/,documentation
docs/seo/post-redesign-evaluation-2026-08-02.md,190,/buy-license.html,documentation
docs/seo/post-redesign-evaluation-2026-08-02.md,191,/guides/,documentation
docs/seo/post-redesign-evaluation-2026-08-02.md,191,/privacy.html,documentation
docs/seo/post-redesign-evaluation-2026-08-02.md,192,/menu-estiatoriou.html,documentation
docs/seo/post-redesign-evaluation-2026-08-02.md,192,/paraggelies-gia-estiash.html,documentation
docs/seo/post-redesign-evaluation-2026-08-02.md,200,/pda-gia-servitoro/,documentation
docs/seo/post-redesign-evaluation-2026-08-02.md,201,/guides/index.html,documentation
docs/seo/post-redesign-evaluation-2026-08-02.md,201,/guides/,documentation
docs/seo/post-redesign-evaluation-2026-08-02.md,208,/pda-gia-servitoro/,documentation
docs/seo/post-redesign-evaluation-2026-08-02.md,279,/pda-ti-einai.html,documentation
docs/seo/post-redesign-evaluation-2026-08-02.md,280,/pda-pos-leitourgei.html,documentation
docs/seo/post-redesign-evaluation-2026-08-02.md,281,/systima-paraggeliolipsias.html,documentation
docs/seo/post-redesign-evaluation-2026-08-02.md,282,/download/,documentation
docs/seo/post-redesign-evaluation-2026-08-02.md,283,/guides/,documentation
docs/seo/post-redesign-evaluation-2026-08-02.md,284,/times-systimatos-parageliolipsias/,documentation
docs/seo/post-redesign-evaluation-2026-08-02.md,307,/pda-ti-einai.html,documentation
docs/seo/post-redesign-evaluation-2026-08-02.md,309,/pda-pos-leitourgei.html,documentation
docs/seo/post-redesign-evaluation-2026-08-02.md,310,/systima-paraggeliolipsias.html,documentation
docs/seo/post-redesign-evaluation-2026-08-02.md,335,/pda-ti-einai.html,documentation
docs/seo/post-redesign-evaluation-2026-08-02.md,336,/pda-pos-leitourgei.html,documentation
docs/seo/post-redesign-evaluation-2026-08-02.md,337,/pda-gia-servitoro/,documentation
docs/seo/post-redesign-evaluation-2026-08-02.md,338,/pda-gia-kafeteries.html,documentation
docs/seo/post-redesign-evaluation-2026-08-02.md,339,/systima-paraggeliolipsias.html,documentation
docs/seo/post-redesign-evaluation-2026-08-02.md,340,/asyrmati-paraggeliolipsia.html,documentation
docs/seo/post-redesign-evaluation-2026-08-02.md,341,/paraggelio-lipsia-gia-beach-bar.html,documentation
docs/seo/post-redesign-evaluation-2026-08-02.md,342,/times.html,documentation
docs/seo/post-redesign-evaluation-2026-08-02.md,367,https://pospal.gr/sitemap.xml,documentation
docs/seo/post-redesign-evaluation-2026-08-02.md,373,/pda-ti-einai.html,documentation
docs/seo/post-redesign-evaluation-2026-08-02.md,374,/pda-pos-leitourgei.html,documentation
docs/seo/post-redesign-evaluation-2026-08-02.md,375,/pda-gia-servitoro/,documentation
docs/seo/post-redesign-evaluation-2026-08-02.md,376,/pda-gia-kafeteries.html,documentation
docs/seo/post-redesign-evaluation-2026-08-02.md,377,/systima-paraggeliolipsias.html,documentation
docs/seo/post-redesign-evaluation-2026-08-02.md,378,/asyrmati-paraggeliolipsia.html,documentation
docs/seo/post-redesign-evaluation-2026-08-02.md,379,/paraggelio-lipsia-gia-beach-bar.html,documentation
docs/seo/post-redesign-evaluation-2026-08-02.md,380,/times.html,documentation
docs/seo/post-redesign-evaluation-2026-08-02.md,395,/pda-ti-einai.html,documentation
docs/seo/post-redesign-evaluation-2026-08-02.md,396,/pda-ti-einai.html,documentation
docs/seo/post-redesign-evaluation-2026-08-02.md,397,/pda-pos-leitourgei.html,documentation
docs/seo/post-redesign-evaluation-2026-08-02.md,398,/pda-pos-leitourgei.html,documentation
docs/seo/post-redesign-evaluation-2026-08-02.md,408,/pda-ti-einai.html,documentation
docs/seo/post-redesign-evaluation-2026-08-02.md,409,/pda-pos-leitourgei.html,documentation
docs/seo/post-redesign-evaluation-2026-08-02.md,410,/pda-gia-servitoro/,documentation
docs/seo/post-redesign-evaluation-2026-08-02.md,411,/times.html,documentation
docs/seo/post-redesign-evaluation-2026-08-02.md,412,/systima-paraggeliolipsias.html,documentation
docs/seo/post-redesign-evaluation-2026-08-02.md,422,/pda-ti-einai.html,documentation
docs/seo/post-redesign-evaluation-2026-08-02.md,423,/pda-pos-leitourgei.html,documentation
docs/seo/post-redesign-evaluation-2026-08-02.md,424,/pda-gia-servitoro/,documentation
docs/seo/post-redesign-evaluation-2026-08-02.md,425,/times.html,documentation
docs/seo/post-redesign-evaluation-2026-08-02.md,426,/systima-paraggeliolipsias.html,documentation
docs/seo/post-redesign-evaluation-2026-08-02.md,451,/times.html,documentation
docs/seo/post-redesign-evaluation-2026-08-02.md,481,/download/,documentation
docs/seo/post-redesign-evaluation-2026-08-02.md,482,/guides/,documentation
docs/seo/post-redesign-evaluation-2026-08-02.md,483,/systima-paraggeliolipsias.html,documentation
docs/seo/post-redesign-evaluation-2026-08-02.md,484,/pda-ti-einai.html,documentation
docs/seo/post-redesign-evaluation-2026-08-02.md,485,/pda-gia-servitoro/,documentation
docs/seo/post-redesign-evaluation-2026-08-02.md,486,/times.html,documentation
docs/seo/post-redesign-evaluation-2026-08-02.md,487,/pda-gia-kafeteries.html,documentation
docs/seo/post-redesign-evaluation-2026-08-02.md,488,/pda-pos-leitourgei.html,documentation
docs/seo/post-redesign-evaluation-2026-08-02.md,489,/asyrmati-paraggeliolipsia.html,documentation
docs/seo/post-redesign-evaluation-2026-08-02.md,490,/paraggelio-lipsia-gia-beach-bar.html,documentation
docs/seo/post-redesign-evaluation-2026-08-02.md,497,/times.html,documentation
docs/seo/post-redesign-evaluation-2026-08-02.md,600,/guides/,documentation
docs/seo/post-redesign-evaluation-2026-08-02.md,600,/download/,documentation
docs/seo/pospal-seo-proof-measurement-protocol.md,60,/systima-paraggeliolipsias.html,documentation
docs/seo/pospal-seo-proof-measurement-protocol.md,60,/asyrmati-paraggeliolipsia.html,documentation
docs/seo/pospal-seo-proof-execution-tracker.md,65,/systima-paraggeliolipsias.html,documentation
docs/seo/pospal-seo-proof-execution-tracker.md,66,/asyrmati-paraggeliolipsia.html,documentation
docs/seo/pospal-seo-proof-execution-tracker.md,69,/sxetika-me-to-pospal/,documentation
docs/seo/pospal-seo-proof-execution-tracker.md,137,/systima-paraggeliolipsias.html,documentation
docs/seo/pospal-seo-proof-execution-tracker.md,177,/times.html,documentation
docs/seo/pospal-seo-proof-execution-tracker.md,177,/systima-paraggeliolipsias.html,documentation
docs/seo/pospal-seo-proof-execution-tracker.md,177,/asyrmati-paraggeliolipsia.html,documentation
docs/seo/pospal-seo-claim-map.md,22,/download/,documentation
docs/seo/pospal-seo-claim-map.md,28,/download/,documentation
docs/seo/pospal-seo-claim-map.md,28,/systima-paraggeliolipsias.html,documentation
docs/seo/pospal-seo-claim-map.md,29,/download/,documentation
docs/seo/pospal-seo-claim-map.md,29,/systima-paraggeliolipsias.html,documentation
docs/seo/pospal-seo-claim-map.md,30,/download/,documentation
docs/seo/pospal-seo-claim-map.md,30,/systima-paraggeliolipsias.html,documentation
docs/seo/pospal-seo-claim-map.md,31,/download/,documentation
docs/seo/pospal-seo-claim-map.md,31,/asyrmati-paraggeliolipsia.html,documentation
docs/seo/pospal-seo-claim-map.md,32,/download/,documentation
docs/seo/pospal-seo-claim-map.md,32,/systima-paraggeliolipsias.html,documentation
docs/seo/pospal-seo-claim-map.md,33,/sxetika-me-to-pospal/,documentation
docs/seo/pospal-seo-claim-map.md,34,/times.html,documentation
docs/seo/pospal-seo-claim-map.md,34,/download/,documentation
docs/seo/pospal-seo-claim-map.md,35,/download/,documentation
docs/seo/pospal-seo-claim-map.md,35,/systima-paraggeliolipsias.html,documentation
docs/seo/pospal-seo-claim-map.md,36,/download/,documentation
docs/seo/pospal-seo-claim-map.md,42,/systima-paraggeliolipsias.html,documentation
docs/seo/pospal-seo-claim-map.md,46,/asyrmati-paraggeliolipsia.html,documentation
docs/seo/pospal-seo-claim-map.md,54,/times.html,documentation
docs/seo/pospal-seo-claim-map.md,58,/sxetika-me-to-pospal/,documentation
docs/seo/pospal-seo-claim-map.md,64,/guides/,documentation
docs/seo/pospal-seo-claim-map.md,64,/download/,documentation
docs/seo/pospal-repository-backed-website-proposal.md,16,/systima-paraggeliolipsias.html,documentation
docs/seo/pospal-repository-backed-website-proposal.md,17,/asyrmati-paraggeliolipsia.html,documentation
docs/seo/pospal-repository-backed-website-proposal.md,22,/times.html,documentation
docs/seo/pospal-repository-backed-website-proposal.md,50,/systima-paraggeliolipsias.html,documentation
docs/seo/pospal-repository-backed-website-proposal.md,113,/asyrmati-paraggeliolipsia.html,documentation
docs/seo/pospal-repository-backed-website-proposal.md,135,/times.html,documentation
docs/seo/pospal-repository-backed-website-proposal.md,154,/systima-paraggeliolipsias.html,documentation
docs/seo/pospal-repository-backed-website-proposal.md,155,/asyrmati-paraggeliolipsia.html,documentation
docs/seo/pospal-repository-backed-website-proposal.md,156,/times.html,documentation
docs/seo/pospal-repository-backed-release-audit-2026-08-05.md,8,/systima-paraggeliolipsias.html,documentation
docs/seo/pospal-repository-backed-release-audit-2026-08-05.md,9,/asyrmati-paraggeliolipsia.html,documentation
docs/seo/pospal-independent-verification-fact-pack.md,29,/sxetika-me-to-pospal/,documentation
docs/seo/pospal-independent-verification-fact-pack.md,30,/sxetika-me-to-pospal/,documentation
docs/seo/pospal-independent-verification-fact-pack.md,31,/sxetika-me-to-pospal/,documentation
docs/seo/pospal-independent-verification-fact-pack.md,32,/sxetika-me-to-pospal/,documentation
docs/seo/pospal-independent-verification-fact-pack.md,33,/sxetika-me-to-pospal/,documentation
docs/seo/pospal-independent-verification-fact-pack.md,34,/sxetika-me-to-pospal/,documentation
docs/seo/pospal-independent-verification-fact-pack.md,35,/sxetika-me-to-pospal/,documentation
docs/seo/pospal-independent-verification-fact-pack.md,35,/times.html,documentation
docs/seo/pospal-independent-verification-fact-pack.md,36,/sxetika-me-to-pospal/,documentation
docs/seo/pospal-independent-verification-fact-pack.md,36,/times.html,documentation
docs/seo/pospal-independent-verification-fact-pack.md,37,/sxetika-me-to-pospal/,documentation
docs/seo/pospal-independent-verification-fact-pack.md,38,/sxetika-me-to-pospal/,documentation
docs/seo/pospal-independent-verification-fact-pack.md,51,https://pospal.gr/,documentation
docs/seo/pospal-independent-verification-fact-pack.md,52,https://pospal.gr/sxetika-me-to-pospal/,documentation
docs/seo/pospal-independent-verification-fact-pack.md,53,https://pospal.gr/systima-paraggeliolipsias.html,documentation
docs/seo/pospal-independent-verification-fact-pack.md,54,https://pospal.gr/times.html,documentation
docs/seo/pospal-independent-verification-fact-pack.md,55,https://pospal.gr/guides/,documentation
docs/seo/pospal-independent-reviewer-outreach-kit.md,84,https://pospal.gr/,documentation
docs/seo/pospal-independent-reviewer-outreach-kit.md,85,https://pospal.gr/sxetika-me-to-pospal/,documentation
docs/seo/pospal-independent-reviewer-outreach-kit.md,86,https://pospal.gr/systima-paraggeliolipsias.html,documentation
docs/seo/pospal-independent-reviewer-outreach-kit.md,87,https://pospal.gr/asyrmati-paraggeliolipsia.html,documentation
docs/seo/pospal-independent-reviewer-outreach-kit.md,88,https://pospal.gr/times.html,documentation
docs/seo/pospal-independent-reviewer-outreach-kit.md,89,https://pospal.gr/guides/,documentation
docs/seo/pospal-generic-hub-improvement-spec.md,4,/systima-paraggeliolipsias.html,documentation
docs/seo/pospal-generic-hub-improvement-spec.md,13,/systima-paraggeliolipsias.html,documentation
docs/seo/pospal-generic-hub-improvement-spec.md,177,/times.html,documentation
docs/seo/pospal-generic-hub-improvement-spec.md,178,/sxetika-me-to-pospal/,documentation
docs/seo/pospal-generic-hub-improvement-spec.md,179,/pda-ti-einai.html,documentation
docs/seo/pospal-generic-hub-improvement-spec.md,180,/pda-gia-servitoro/,documentation
docs/seo/pospal-generic-hub-improvement-spec.md,181,/pda-gia-kafeteries.html,documentation
docs/seo/pospal-generic-hub-improvement-spec.md,182,/asyrmati-paraggeliolipsia.html,documentation
docs/seo/pospal-generic-hub-improvement-spec.md,183,/download/,documentation
docs/seo/pospal-generic-hub-improvement-spec.md,184,/guides/,documentation
docs/seo/pospal-entity-page-draft.md,1,/sxetika-me-to-pospal/,documentation
docs/seo/pospal-entity-page-draft.md,11,https://pospal.gr/sxetika-me-to-pospal/,documentation
docs/seo/pospal-entity-page-draft.md,34,/guides/,documentation
docs/seo/pospal-entity-page-draft.md,105,/guides/,documentation
docs/seo/pospal-entity-page-draft.md,135,https://pospal.gr/#organization,documentation
docs/seo/pospal-entity-page-draft.md,137,https://pospal.gr/,documentation
docs/seo/pospal-entity-page-draft.md,164,https://pospal.gr/#software,documentation
docs/seo/pospal-entity-page-draft.md,167,https://pospal.gr/,documentation
docs/seo/pospal-entity-page-draft.md,174,https://pospal.gr/#organization,documentation
docs/seo/pospal-entity-page-draft.md,178,https://pospal.gr/times.html,documentation
docs/seo/pospal-entity-page-draft.md,191,https://pospal.gr/sxetika-me-to-pospal/#webpage,documentation
docs/seo/pospal-entity-page-draft.md,192,https://pospal.gr/sxetika-me-to-pospal/,documentation
docs/seo/pospal-entity-page-draft.md,198,https://pospal.gr/#organization,documentation
docs/seo/pospal-entity-page-draft.md,201,https://pospal.gr/#software,documentation
docs/seo/pospal-entity-page-draft.md,205,https://pospal.gr/#organization,documentation
docs/seo/pospal-entity-page-draft.md,210,https://pospal.gr/sxetika-me-to-pospal/#breadcrumb,documentation
docs/seo/pospal-entity-page-draft.md,216,https://pospal.gr/,documentation
docs/seo/pospal-entity-page-draft.md,222,https://pospal.gr/sxetika-me-to-pospal/,documentation
docs/seo/pospal-entity-page-draft.md,242,/sxetika-me-to-pospal/index.html,documentation
docs/seo/pospal-entity-page-draft.md,246,/guides/,documentation
docs/seo/pospal-entity-foundation-proposal.md,36,https://pospal.gr/,documentation
docs/seo/pospal-entity-foundation-proposal.md,77,https://pospal.gr/#organization,documentation
docs/seo/pospal-entity-foundation-proposal.md,78,https://pospal.gr/#website,documentation
docs/seo/pospal-entity-foundation-proposal.md,79,https://pospal.gr/#software,documentation
docs/seo/pospal-entity-foundation-proposal.md,94,https://pospal.gr/,documentation
docs/seo/pospal-entity-foundation-proposal.md,106,/sxetika-me-to-pospal/,documentation
docs/seo/pospal-entity-foundation-proposal.md,136,https://pospal.gr/#software,documentation
docs/seo/pospal-entity-foundation-proposal.md,139,https://pospal.gr/,documentation
docs/seo/pospal-entity-foundation-proposal.md,147,https://pospal.gr/times.html,documentation
docs/seo/pospal-entity-facts.md,13,https://pospal.gr/,documentation
docs/seo/pospal-entity-facts.md,38,/sxetika-me-to-pospal/,documentation
docs/seo/pospal-entity-facts.md,64,/sxetika-me-to-pospal/,documentation
docs/seo/PDA_IMPLEMENTATION_LOG.md,75,/pda-gia-servitoro/,documentation
docs/seo/PDA_IMPLEMENTATION_LOG.md,149,/pda-gia-servitoro/,documentation
docs/seo/PDA_IMPLEMENTATION_LOG.md,168,/pda-ti-einai.html,documentation
docs/seo/PDA_IMPLEMENTATION_LOG.md,171,/times.html,documentation
docs/seo/PDA_DEFINITION_PAGE_REWRITE_V2.md,4,/pda-ti-einai.html,documentation
docs/seo/PDA_DEFINITION_PAGE_REWRITE_V2.md,42,https://pospal.gr/pda-ti-einai.html,documentation
docs/seo/PDA_DEFINITION_PAGE_REWRITE_V2.md,62,/download/,documentation
docs/seo/PDA_DEFINITION_PAGE_REWRITE_V2.md,96,/pda-gia-servitoro/,documentation
docs/seo/PDA_DEFINITION_PAGE_REWRITE_V2.md,116,/asyrmati-paraggeliolipsia.html,documentation
docs/seo/PDA_DEFINITION_PAGE_REWRITE_V2.md,142,/download/,documentation
docs/seo/PDA_DEFINITION_PAGE_COPY_DRAFT.md,5,/pda-ti-einai.html,documentation
docs/seo/PDA_DEFINITION_PAGE_COPY_DRAFT.md,41,/pda-pos-leitourgei.html,documentation
docs/seo/PDA_DEFINITION_PAGE_COPY_DRAFT.md,49,/systima-paraggeliolipsias.html,documentation
docs/seo/PDA_DEFINITION_PAGE_COPY_DRAFT.md,79,/pda-gia-servitoro/,documentation
docs/seo/PDA_DEFINITION_PAGE_COPY_DRAFT.md,121,/systima-paraggeliolipsias.html,documentation
docs/seo/PDA_DEFINITION_PAGE_COPY_DRAFT.md,127,/download/,documentation
docs/redesign/probes/living-order-route-inventory.md,213,/download/,documentation
docs/redesign/information-architecture-and-onboarding.md,10,/download/,documentation
docs/redesign/information-architecture-and-onboarding.md,11,/guides/,documentation
docs/redesign/information-architecture-and-onboarding.md,12,/times.html,documentation
docs/redesign/information-architecture-and-onboarding.md,13,/pda-ti-einai.html,documentation
docs/redesign/information-architecture-and-onboarding.md,14,/pda-pos-leitourgei.html,documentation
docs/redesign/information-architecture-and-onboarding.md,15,/pda-gia-servitoro/,documentation
docs/redesign/information-architecture-and-onboarding.md,16,/pda-gia-kafeteries.html,documentation
docs/redesign/information-architecture-and-onboarding.md,17,/systima-paraggeliolipsias.html,documentation
docs/redesign/information-architecture-and-onboarding.md,18,/asyrmati-paraggeliolipsia.html,documentation
docs/redesign/information-architecture-and-onboarding.md,19,/paraggelio-lipsia-gia-beach-bar.html,documentation
docs/redesign/information-architecture-and-onboarding.md,22,/guides/,documentation
docs/redesign/information-architecture-and-onboarding.md,22,/download/,documentation
docs/redesign/information-architecture-and-onboarding.md,28,/guides/,documentation
docs/redesign/information-architecture-and-onboarding.md,28,/support.html,documentation
docs/redesign/information-architecture-and-onboarding.md,29,/guides/,documentation
docs/redesign/information-architecture-and-onboarding.md,30,/guides/,documentation
docs/redesign/information-architecture-and-onboarding.md,36,/guides/,documentation
docs/redesign/information-architecture-and-onboarding.md,36,/download/,documentation
docs/redesign/information-architecture-and-onboarding.md,52,/guides/,documentation
docs/redesign/information-architecture-and-onboarding.md,56,/guides/,documentation
docs/redesign/information-architecture-and-onboarding.md,58,/guides/windows-installation/,documentation
docs/redesign/information-architecture-and-onboarding.md,58,/guides/printer-setup/,documentation
docs/redesign/information-architecture-and-onboarding.md,71,/download/,documentation
docs/redesign/information-architecture-and-onboarding.md,72,/times.html,documentation
docs/redesign/information-architecture-and-onboarding.md,73,/support.html,documentation
docs/redesign/information-architecture-and-onboarding.md,74,/guides/,documentation
docs/redesign/information-architecture-and-onboarding.md,76,/guides/,documentation
docs/redesign/information-architecture-and-onboarding.md,77,/guides/printer-setup/,documentation
docs/redesign/information-architecture-and-onboarding.md,78,/guides/windows-installation/,documentation
docs/redesign/information-architecture-and-onboarding.md,87,/download/,documentation
docs/redesign/information-architecture-and-onboarding.md,88,/times.html,documentation
docs/redesign/information-architecture-and-onboarding.md,89,/guides/,documentation
docs/redesign/information-architecture-and-onboarding.md,89,/support.html,documentation
docs/redesign/information-architecture-and-onboarding.md,91,/pda-ti-einai.html,documentation
docs/redesign/information-architecture-and-onboarding.md,92,/pda-pos-leitourgei.html,documentation
docs/redesign/information-architecture-and-onboarding.md,93,/pda-gia-kafeteries.html,documentation
docs/redesign/information-architecture-and-onboarding.md,94,/systima-paraggeliolipsias.html,documentation
docs/redesign/information-architecture-and-onboarding.md,95,/asyrmati-paraggeliolipsia.html,documentation
docs/redesign/information-architecture-and-onboarding.md,96,/paraggelio-lipsia-gia-beach-bar.html,documentation
docs/redesign/information-architecture-and-onboarding.md,106,/download/,documentation
docs/redesign/information-architecture-and-onboarding.md,107,/guides/,documentation
docs/redesign/information-architecture-and-onboarding.md,112,/prototype/homepage-v3/,documentation
docs/redesign/information-architecture-and-onboarding.md,116,/guides/,documentation
docs/redesign/information-architecture-and-onboarding.md,116,/download/,documentation
docs/redesign/information-architecture-and-onboarding.md,117,/guides/,documentation
docs/redesign/information-architecture-and-onboarding.md,118,/guides/,documentation
docs/redesign/information-architecture-and-onboarding.md,118,/download/,documentation
docs/redesign/information-architecture-and-onboarding.md,119,/guides/,documentation
docs/redesign/information-architecture-and-onboarding.md,119,/download/,documentation
docs/redesign/information-architecture-and-onboarding.md,120,/guides/,documentation
docs/redesign/information-architecture-and-onboarding.md,120,/download/,documentation
docs/redesign/information-architecture-and-onboarding.md,153,/guides/,documentation
docs/redesign/information-architecture-and-onboarding.md,153,/download/,documentation
docs/redesign/information-architecture-and-onboarding.md,159,/systima-paraggeliolipsias.html,documentation
docs/redesign/information-architecture-and-onboarding.md,160,/times.html,documentation
docs/redesign/information-architecture-and-onboarding.md,165,/pda-ti-einai.html,documentation
docs/redesign/information-architecture-and-onboarding.md,166,/pda-gia-servitoro/,documentation
docs/redesign/information-architecture-and-onboarding.md,174,/guides/,documentation
docs/redesign/information-architecture-and-onboarding.md,174,/download/,documentation
docs/redesign/information-architecture-and-onboarding.md,176,/pda-ti-einai.html,documentation
docs/redesign/information-architecture-and-onboarding.md,177,/pda-gia-servitoro/,documentation
docs/redesign/information-architecture-and-onboarding.md,191,/pda-pos-leitourgei.html,documentation
docs/redesign/information-architecture-and-onboarding.md,225,/pda-ti-einai.html,documentation
docs/redesign/information-architecture-and-onboarding.md,225,/pda-gia-kafeteries.html,documentation
docs/redesign/information-architecture-and-onboarding.md,225,/systima-paraggeliolipsias.html,documentation
docs/redesign/information-architecture-and-onboarding.md,225,/pda-gia-servitoro/,documentation
docs/redesign/information-architecture-and-onboarding.md,225,/asyrmati-paraggeliolipsia.html,documentation
docs/redesign/information-architecture-and-onboarding.md,225,/download/,documentation
docs/redesign/information-architecture-and-onboarding.md,225,/paraggelio-lipsia-gia-beach-bar.html,documentation
docs/redesign/information-architecture-and-onboarding.md,225,/pda-pos-leitourgei.html,documentation
docs/redesign/information-architecture-and-onboarding.md,255,/download/,documentation
docs/redesign/information-architecture-and-onboarding.md,275,/times.html,documentation
docs/redesign/information-architecture-and-onboarding.md,276,/guides/,documentation
docs/redesign/information-architecture-and-onboarding.md,277,/support.html,documentation
docs/redesign/information-architecture-and-onboarding.md,278,/download/,documentation
docs/redesign/information-architecture-and-onboarding.md,302,/times.html,documentation
docs/redesign/information-architecture-and-onboarding.md,316,/times.html,documentation
docs/redesign/information-architecture-and-onboarding.md,318,/download/,documentation
docs/redesign/information-architecture-and-onboarding.md,322,/download/,documentation
docs/redesign/information-architecture-and-onboarding.md,326,/download/,documentation
docs/redesign/information-architecture-and-onboarding.md,328,/guides/,documentation
docs/redesign/information-architecture-and-onboarding.md,328,/guides/windows-installation/,documentation
docs/redesign/information-architecture-and-onboarding.md,328,/download/,documentation
docs/redesign/information-architecture-and-onboarding.md,330,/download/,documentation
docs/redesign/information-architecture-and-onboarding.md,332,/download/,documentation
docs/redesign/information-architecture-and-onboarding.md,342,/guides/windows-installation/,documentation
docs/redesign/information-architecture-and-onboarding.md,345,/guides/,documentation
docs/redesign/information-architecture-and-onboarding.md,349,/academy/,documentation
docs/redesign/information-architecture-and-onboarding.md,349,/guides/,documentation
docs/redesign/information-architecture-and-onboarding.md,351,/guides/,documentation
docs/redesign/information-architecture-and-onboarding.md,359,/guides/printer-setup/,documentation
docs/redesign/information-architecture-and-onboarding.md,360,/guides/windows-installation/,documentation
docs/redesign/information-architecture-and-onboarding.md,361,/guides/connect-staff-devices/,documentation
docs/redesign/information-architecture-and-onboarding.md,362,/guides/first-menu/,documentation
docs/redesign/information-architecture-and-onboarding.md,363,/guides/qr-menu/,documentation
docs/redesign/information-architecture-and-onboarding.md,364,/guides/test-order/,documentation
docs/redesign/information-architecture-and-onboarding.md,365,/guides/first-shift/,documentation
docs/redesign/information-architecture-and-onboarding.md,367,/support.html,documentation
docs/redesign/information-architecture-and-onboarding.md,388,/pda-ti-einai.html,documentation
docs/redesign/information-architecture-and-onboarding.md,389,/pda-pos-leitourgei.html,documentation
docs/redesign/information-architecture-and-onboarding.md,390,/paraggelio-lipsia-gia-beach-bar.html,documentation
docs/redesign/information-architecture-and-onboarding.md,391,/systima-paraggeliolipsias.html,documentation
docs/redesign/information-architecture-and-onboarding.md,392,/times.html,documentation
docs/redesign/information-architecture-and-onboarding.md,393,/pda-gia-kafeteries.html,documentation
docs/redesign/information-architecture-and-onboarding.md,399,/times.html,documentation
docs/redesign/information-architecture-and-onboarding.md,399,/times-systimatos-parageliolipsias/,documentation
docs/redesign/information-architecture-and-onboarding.md,400,/pda-gia-kafeteries.html,documentation
docs/redesign/information-architecture-and-onboarding.md,400,/pda-gia-kafeteria/,documentation
docs/redesign/information-architecture-and-onboarding.md,401,/asyrmati-parageliolipsia-estiasi/,documentation
docs/redesign/information-architecture-and-onboarding.md,401,/asyrmati-paraggeliolipsia.html,documentation
docs/redesign/information-architecture-and-onboarding.md,425,/guides/,documentation
docs/redesign/information-architecture-and-onboarding.md,426,/guides/printer-setup/,documentation
docs/redesign/information-architecture-and-onboarding.md,427,/guides/windows-installation/,documentation
docs/redesign/information-architecture-and-onboarding.md,428,/guides/connect-staff-devices/,documentation
docs/redesign/information-architecture-and-onboarding.md,429,/guides/test-order/,documentation
docs/redesign/information-architecture-and-onboarding.md,524,/guides/windows-installation/,documentation
docs/redesign/information-architecture-and-onboarding.md,543,/download/,documentation
docs/redesign/homepage-design-brief.md,20,/download/,documentation
docs/redesign/homepage-design-brief.md,117,/prototype/homepage-v2/,documentation
guides/internal/UTM_GOVERNANCE.md,43,https://www.pospal.gr/?utm_source=google&utm_medium=cpc&utm_campaign=2026q1_download_owners_30daytrial&utm_content=hero_cta_a,documentation
guides/internal/UTM_GOVERNANCE.md,44,https://www.pospal.gr/download/?utm_source=meta&utm_medium=paid_social&utm_campaign=2026q1_download_owners_30daytrial&utm_content=video1,documentation
guides/internal/SPECIALIST_GUIDE_TEMPLATE.md,13,/guides/,documentation
guides/internal/GA4_SETUP_CHECKLIST.md,5,https://www.pospal.gr,documentation
guides/internal/GA4_SETUP_CHECKLIST.md,84,/download/,documentation
docs/redesign/academy-plan.md,12,/guides/,documentation
docs/redesign/academy-plan.md,17,/guides/,documentation
docs/redesign/academy-plan.md,18,/guides/,documentation
docs/redesign/academy-plan.md,27,/guides/,documentation
docs/redesign/academy-plan.md,28,/guides/,documentation
docs/redesign/academy-plan.md,28,/guides/windows-installation/,documentation
docs/redesign/academy-plan.md,28,/guides/printer-setup/,documentation
docs/redesign/academy-plan.md,31,/guides/,documentation
docs/redesign/academy-plan.md,31,/guides/test-order/,documentation
docs/redesign/academy-plan.md,31,/guides/connect-staff-devices/,documentation
docs/redesign/academy-plan.md,32,/guides/,documentation
docs/redesign/academy-plan.md,32,/guides/windows-installation/,documentation
docs/redesign/academy-plan.md,32,/guides/printer-setup/,documentation
docs/redesign/academy-plan.md,34,/guides/,documentation
docs/redesign/academy-plan.md,51,/guides/,documentation
docs/redesign/academy-plan.md,53,/guides/,documentation
docs/redesign/academy-plan.md,54,/guides/?guide=printer-setup,documentation
docs/redesign/academy-plan.md,55,/guides/?guide=windows-installation,documentation
docs/redesign/academy-plan.md,57,/guides/?guide=printer-setup,documentation
docs/redesign/academy-plan.md,57,/guides/printer-setup/,documentation
docs/redesign/academy-plan.md,58,/guides/windows-installation/,documentation
docs/redesign/academy-plan.md,58,/guides/?guide=windows-installation,documentation
docs/redesign/academy-plan.md,59,/guides/,documentation
docs/redesign/academy-plan.md,65,/guides/,documentation
docs/redesign/academy-plan.md,73,/guides/,documentation
docs/redesign/academy-plan.md,81,/guides/,documentation
docs/redesign/academy-plan.md,82,/guides/,documentation
docs/redesign/academy-plan.md,125,/guides/,documentation
docs/redesign/academy-plan.md,184,/guides/windows-installation/,documentation
docs/redesign/academy-plan.md,241,/guides/,documentation
docs/redesign/academy-plan.md,242,/guides/printer-setup/,documentation
docs/redesign/academy-plan.md,243,/guides/windows-installation/,documentation
docs/redesign/academy-plan.md,244,/guides/connect-staff-devices/,documentation
docs/redesign/academy-plan.md,245,/guides/test-order/,documentation
docs/redesign/academy-plan.md,299,/academy/,documentation
docs/redesign/academy-plan.md,299,/guides/,documentation
docs/redesign/academy-plan.md,300,/guides/,documentation
docs/redesign/academy-plan.md,301,/guides/windows-installation/,documentation
docs/redesign/academy-plan.md,301,/guides/printer-setup/,documentation
docs/redesign/academy-plan.md,302,/guides/,documentation
docs/redesign/academy-plan.md,310,/download/,documentation
docs/redesign/academy-plan.md,312,https://pospal.gr/sitemap.xml,documentation
docs/redesign/academy-plan.md,312,/guides/,documentation
docs/redesign/academy-plan.md,312,/guides/index.html?lesson=...,documentation
docs/mobile-audit-2026-08-03.md,32,/systima-paraggeliolipsias.html,documentation
docs/mobile-audit-2026-08-03.md,33,/pda-gia-kafeteries.html,documentation
docs/mobile-audit-2026-08-03.md,34,/paraggelio-lipsia-gia-beach-bar.html,documentation
docs/mobile-audit-2026-08-03.md,35,/asyrmati-paraggeliolipsia.html,documentation
docs/mobile-audit-2026-08-03.md,73,/pda-ti-einai.html,documentation
docs/mobile-audit-2026-08-03.md,74,/pda-pos-leitourgei.html,documentation
docs/mobile-audit-2026-08-03.md,75,/pda-gia-servitoro/,documentation
docs/mobile-audit-2026-08-03.md,76,/times.html,documentation
docs/mobile-audit-2026-08-03.md,77,/systima-paraggeliolipsias.html,documentation
docs/mobile-audit-2026-08-03.md,78,/pda-gia-kafeteries.html,documentation
docs/mobile-audit-2026-08-03.md,79,/paraggelio-lipsia-gia-beach-bar.html,documentation
docs/mobile-audit-2026-08-03.md,80,/asyrmati-paraggeliolipsia.html,documentation
docs/mobile-audit-2026-08-03.md,123,/download/,documentation
docs/mobile-audit-2026-08-03.md,134,/guides/,documentation
docs/mobile-audit-2026-08-03.md,145,/pda-ti-einai.html,documentation
docs/mobile-audit-2026-08-03.md,155,/pda-pos-leitourgei.html,documentation
docs/mobile-audit-2026-08-03.md,165,/pda-gia-servitoro/,documentation
docs/mobile-audit-2026-08-03.md,175,/times.html,documentation
docs/mobile-audit-2026-08-03.md,185,/systima-paraggeliolipsias.html,documentation
docs/mobile-audit-2026-08-03.md,195,/pda-gia-kafeteries.html,documentation
docs/mobile-audit-2026-08-03.md,205,/paraggelio-lipsia-gia-beach-bar.html,documentation
docs/mobile-audit-2026-08-03.md,215,/asyrmati-paraggeliolipsia.html,documentation
docs/redesign/academy-technical-seo-audit.md,4,/guides/,documentation
docs/redesign/academy-technical-seo-audit.md,14,/guides/,documentation
docs/redesign/academy-technical-seo-audit.md,14,https://pospal.gr/guides/,documentation
docs/redesign/academy-technical-seo-audit.md,15,https://pospal.gr/sitemap.xml,documentation
docs/redesign/academy-technical-seo-audit.md,15,https://pospal.gr/robots.txt,documentation
docs/redesign/academy-technical-seo-audit.md,16,https://pospal.gr/sitemap.xml,documentation
docs/redesign/academy-technical-seo-audit.md,16,/guides/,documentation
docs/redesign/academy-technical-seo-audit.md,17,https://pospal.gr/guides/index.html?lesson=0,documentation
docs/redesign/academy-technical-seo-audit.md,27,/guides/,documentation
docs/redesign/academy-technical-seo-audit.md,27,https://pospal.gr/guides/,documentation
docs/redesign/academy-technical-seo-audit.md,28,https://pospal.gr/guides/printer-setup/,documentation
docs/redesign/academy-technical-seo-audit.md,28,/guides/printer-setup/,documentation
docs/redesign/academy-technical-seo-audit.md,29,https://pospal.gr/guides/windows-installation/,documentation
docs/redesign/academy-technical-seo-audit.md,29,/guides/windows-installation/,documentation
docs/redesign/academy-technical-seo-audit.md,30,https://pospal.gr/guides/connect-staff-devices/,documentation
docs/redesign/academy-technical-seo-audit.md,30,/guides/connect-staff-devices/,documentation
docs/redesign/academy-technical-seo-audit.md,31,https://pospal.gr/guides/test-order/,documentation
docs/redesign/academy-technical-seo-audit.md,31,/guides/test-order/,documentation
docs/redesign/academy-technical-seo-audit.md,32,/academy/,documentation
docs/redesign/academy-technical-seo-audit.md,33,/guides/index.html?lesson=*,documentation
docs/redesign/academy-technical-seo-audit.md,35,/guides/,documentation
docs/redesign/academy-technical-seo-audit.md,35,/guides/printer-setup/,documentation
docs/redesign/academy-technical-seo-audit.md,41,https://pospal.gr/guides/,documentation
docs/redesign/academy-technical-seo-audit.md,43,https://pospal.gr/guides/index.html?lesson=0,documentation
docs/redesign/academy-technical-seo-audit.md,44,/guides/,documentation
docs/redesign/academy-technical-seo-audit.md,44,/guides/printer-setup/,documentation
docs/redesign/academy-technical-seo-audit.md,48,/guides/,documentation
docs/redesign/academy-technical-seo-audit.md,52,https://pospal.gr/guides/,documentation
docs/redesign/academy-technical-seo-audit.md,54,https://pospal.gr/guides/printer-setup/,documentation
docs/redesign/academy-technical-seo-audit.md,55,https://pospal.gr/guides/windows-installation/,documentation
docs/redesign/academy-technical-seo-audit.md,56,https://pospal.gr/guides/connect-staff-devices/,documentation
docs/redesign/academy-technical-seo-audit.md,57,https://pospal.gr/guides/test-order/,documentation
docs/redesign/academy-technical-seo-audit.md,59,/academy/,documentation
docs/redesign/academy-technical-seo-audit.md,60,/guides/index.html?lesson=*,documentation
docs/redesign/academy-technical-seo-audit.md,73,/guides/,documentation
docs/redesign/academy-technical-seo-audit.md,73,/guides/index.html?lesson=0,documentation
docs/redesign/academy-technical-seo-audit.md,73,/guides/printer-setup/,documentation
docs/redesign/academy-technical-seo-audit.md,74,/guides/windows-installation/,documentation
docs/redesign/academy-technical-seo-audit.md,74,/guides/index.html?lesson=1,documentation
docs/redesign/academy-technical-seo-audit.md,75,/guides/first-menu/,documentation
docs/redesign/academy-technical-seo-audit.md,75,/guides/,documentation
docs/redesign/academy-technical-seo-audit.md,75,/guides/index.html?lesson=2,documentation
docs/redesign/academy-technical-seo-audit.md,75,/guides/qr-menu/,documentation
docs/redesign/academy-technical-seo-audit.md,81,/guides/windows-installation/,documentation
docs/redesign/academy-technical-seo-audit.md,81,/guides/printer-setup/,documentation
docs/redesign/academy-technical-seo-audit.md,82,/guides/,documentation
docs/redesign/academy-technical-seo-audit.md,82,/guides/windows-installation/,documentation
docs/redesign/academy-technical-seo-audit.md,83,/guides/,documentation
docs/redesign/academy-technical-seo-audit.md,84,/guides/,documentation
docs/redesign/academy-technical-seo-audit.md,85,/guides/windows-installation/,documentation
docs/redesign/academy-technical-seo-audit.md,86,/guides/,documentation
docs/redesign/academy-technical-seo-audit.md,86,/guides/windows-installation/,documentation
docs/redesign/academy-technical-seo-audit.md,87,/guides/,documentation
docs/redesign/academy-technical-seo-audit.md,87,/guides/windows-installation/,documentation
docs/redesign/academy-technical-seo-audit.md,88,/guides/,documentation
docs/redesign/academy-technical-seo-audit.md,89,/guides/,documentation
docs/redesign/academy-technical-seo-audit.md,89,/guides/windows-installation/,documentation
docs/redesign/academy-technical-seo-audit.md,90,/guides/windows-installation/,documentation
docs/redesign/academy-technical-seo-audit.md,90,/guides/printer-setup/,documentation
docs/redesign/academy-technical-seo-audit.md,91,/guides/,documentation
docs/redesign/academy-technical-seo-audit.md,98,/guides/index.html?lesson=0,documentation
docs/redesign/academy-technical-seo-audit.md,98,/guides/printer-setup/,documentation
docs/redesign/academy-technical-seo-audit.md,108,/guides/index.html?lesson=0,documentation
docs/redesign/academy-technical-seo-audit.md,108,/guides/printer-setup/,documentation
docs/redesign/academy-technical-seo-audit.md,109,/guides/windows-installation/,documentation
docs/redesign/academy-technical-seo-audit.md,109,/guides/index.html?lesson=1,documentation
docs/redesign/academy-technical-seo-audit.md,110,/guides/,documentation
docs/redesign/academy-technical-seo-audit.md,110,/guides/index.html?lesson=2,documentation
docs/redesign/academy-technical-seo-audit.md,116,/installation-guide.html,documentation
docs/redesign/academy-technical-seo-audit.md,116,/guides/windows-installation/,documentation
docs/redesign/academy-technical-seo-audit.md,116,/guides/printer-setup/,documentation
docs/redesign/academy-technical-seo-audit.md,117,/guides/,documentation
docs/redesign/academy-technical-seo-audit.md,117,/guides/first-week-optimization/,documentation
docs/redesign/academy-technical-seo-audit.md,118,/guides/,documentation
docs/redesign/academy-technical-seo-audit.md,118,/guides/seasonal-management/,documentation
docs/redesign/academy-technical-seo-audit.md,119,/guides/,documentation
docs/redesign/academy-technical-seo-audit.md,119,/guides/qr-menu-best-practices.html,documentation
docs/redesign/academy-technical-seo-audit.md,120,/guides/,documentation
docs/redesign/academy-technical-seo-audit.md,120,/guides/beach-bar-setup.html,documentation
docs/redesign/academy-technical-seo-audit.md,121,/guides/cafe-optimization.html,documentation
docs/redesign/academy-technical-seo-audit.md,121,/guides/,documentation
docs/redesign/academy-technical-seo-audit.md,122,/guides/,documentation
docs/redesign/academy-technical-seo-audit.md,122,/guides/food-truck-mobile/,documentation
docs/redesign/academy-technical-seo-audit.md,123,/guides/,documentation
docs/redesign/academy-technical-seo-audit.md,123,/guides/proto-menou-kai-qr/,documentation
docs/redesign/academy-technical-seo-audit.md,124,/guides/,documentation
docs/redesign/academy-technical-seo-audit.md,124,/guides/logariasmos-kai-pliromes/,documentation
docs/redesign/academy-technical-seo-audit.md,133,https://pospal.gr/sitemap.xml,documentation
docs/redesign/academy-technical-seo-audit.md,154,https://pospal.gr/,documentation
docs/redesign/academy-technical-seo-audit.md,167,/guides/,documentation
docs/redesign/academy-technical-seo-audit.md,176,/guides/,documentation
docs/redesign/academy-technical-seo-audit.md,186,/guides/index.html?lesson=*,documentation
docs/redesign/academy-technical-seo-audit.md,190,/guides/,documentation
docs/redesign/academy-technical-seo-audit.md,190,/guides/printer-setup/,documentation
docs/redesign/academy-technical-seo-audit.md,200,/guides/,documentation
docs/redesign/academy-technical-seo-audit.md,202,/guides/,documentation
docs/redesign/academy-technical-seo-audit.md,203,/guides/,documentation
docs/redesign/academy-technical-seo-audit.md,206,/academy/,documentation
docs/redesign/academy-technical-seo-audit.md,209,/download/,documentation
docs/redesign/academy-technical-seo-audit.md,213,/guides/,documentation
docs/redesign/academy-technical-seo-audit.md,213,/guides/printer-setup/,documentation
guides/account/index.html,9,https://pospal.gr/guides/account/,code/config
guides/account/index.html,16,https://pospal.gr/guides/account/,code/config
guides/account/index.html,19,/app_icon.ico,code/config
guides/account/index.html,20,/app_icon.ico,code/config
guides/account/index.html,21,/static/css/site-redesign.css,code/config
guides/account/index.html,22,/static/css/academy.css?v=20260901-2,code/config
guides/account/index.html,23,/static/css/guide-article.css,code/config
guides/account/index.html,24,/static/js/ga-consent.js,code/config
guides/account/index.html,25,/static/js/ga-events.js,code/config
guides/account/index.html,26,/static/css/legal-links.css,code/config
guides/account/index.html,33,/app_icon.ico,code/config
guides/account/index.html,37,/guides/,code/config
guides/account/index.html,38,/download/,code/config
guides/account/index.html,46,/guides/,code/config
guides/account/index.html,128,/guides/troubleshooting/,code/config
guides/account/index.html,142,/guides/,code/config
guides/account/index.html,143,/download/,code/config
guides/account/index.html,149,/eula/,code/config
guides/account/index.html,149,/dpa/,code/config
guides/account/index.html,149,/cookies/,code/config
guides/account/index.html,149,/subprocessors/,code/config
guides/account/index.html,149,/privacy/,code/config
guides/account/index.html,149,/terms/,code/config
guides/account/index.html,149,/legal/,code/config
guides/settings/index.html,9,https://pospal.gr/guides/settings/,code/config
guides/settings/index.html,16,https://pospal.gr/guides/settings/,code/config
guides/settings/index.html,19,/app_icon.ico,code/config
guides/settings/index.html,20,/app_icon.ico,code/config
guides/settings/index.html,21,/static/css/site-redesign.css,code/config
guides/settings/index.html,22,/static/css/academy.css?v=20260901-2,code/config
guides/settings/index.html,23,/static/css/guide-article.css,code/config
guides/settings/index.html,24,/static/js/ga-consent.js,code/config
guides/settings/index.html,25,/static/js/ga-events.js,code/config
guides/settings/index.html,26,/static/css/legal-links.css,code/config
guides/settings/index.html,33,/app_icon.ico,code/config
guides/settings/index.html,37,/guides/,code/config
guides/settings/index.html,38,/download/,code/config
guides/settings/index.html,46,/guides/,code/config
guides/settings/index.html,155,/guides/qr-menu/,code/config
guides/settings/index.html,169,/guides/,code/config
guides/settings/index.html,170,/download/,code/config
guides/settings/index.html,176,/eula/,code/config
guides/settings/index.html,176,/dpa/,code/config
guides/settings/index.html,176,/cookies/,code/config
guides/settings/index.html,176,/subprocessors/,code/config
guides/settings/index.html,176,/privacy/,code/config
guides/settings/index.html,176,/terms/,code/config
guides/settings/index.html,176,/legal/,code/config
guides/qr-menu/index.html,9,https://pospal.gr/guides/qr-menu/,code/config
guides/qr-menu/index.html,16,https://pospal.gr/guides/qr-menu/,code/config
guides/qr-menu/index.html,19,/app_icon.ico,code/config
guides/qr-menu/index.html,20,/app_icon.ico,code/config
guides/qr-menu/index.html,21,/static/css/site-redesign.css,code/config
guides/qr-menu/index.html,22,/static/css/academy.css?v=20260901-2,code/config
guides/qr-menu/index.html,23,/static/css/guide-article.css,code/config
guides/qr-menu/index.html,24,/static/js/ga-consent.js,code/config
guides/qr-menu/index.html,25,/static/js/ga-events.js,code/config
guides/qr-menu/index.html,26,/static/css/legal-links.css,code/config
guides/qr-menu/index.html,33,/app_icon.ico,code/config
guides/qr-menu/index.html,37,/guides/,code/config
guides/qr-menu/index.html,38,/download/,code/config
guides/qr-menu/index.html,46,/guides/,code/config
guides/qr-menu/index.html,136,/guides/account/,code/config
guides/qr-menu/index.html,150,/guides/,code/config
guides/qr-menu/index.html,151,/download/,code/config
guides/qr-menu/index.html,157,/eula/,code/config
guides/qr-menu/index.html,157,/dpa/,code/config
guides/qr-menu/index.html,157,/cookies/,code/config
guides/qr-menu/index.html,157,/subprocessors/,code/config
guides/qr-menu/index.html,157,/privacy/,code/config
guides/qr-menu/index.html,157,/terms/,code/config
guides/qr-menu/index.html,157,/legal/,code/config
en/dpa/index.html,9,https://pospal.gr/en/dpa/,code/config
en/dpa/index.html,10,https://pospal.gr/dpa/,code/config
en/dpa/index.html,11,/static/css/site-redesign.css,code/config
en/dpa/index.html,12,/static/css/legal.css,code/config
en/dpa/index.html,13,/static/css/legal-links.css,code/config
en/dpa/index.html,14,/static/js/ga-consent.js,code/config
en/dpa/index.html,17,/times.html,code/config
en/dpa/index.html,17,/download/,code/config
en/dpa/index.html,17,/dpa/,code/config
en/dpa/index.html,25,/en/subprocessors/,code/config
en/dpa/index.html,29,/en/subprocessors/,code/config
en/dpa/index.html,29,/en/privacy/,code/config
en/dpa/index.html,29,/en/eula/,code/config
en/dpa/index.html,29,/en/legal/,code/config
en/dpa/index.html,29,/en/cookies/,code/config
en/dpa/index.html,29,/en/terms/,code/config
en/dpa/index.html,29,/en/dpa/,code/config
guides/printer-setup/index.html,9,https://pospal.gr/guides/printer-setup/,code/config
guides/printer-setup/index.html,16,https://pospal.gr/guides/printer-setup/,code/config
guides/printer-setup/index.html,19,/app_icon.ico,code/config
guides/printer-setup/index.html,20,/app_icon.ico,code/config
guides/printer-setup/index.html,21,/static/css/site-redesign.css,code/config
guides/printer-setup/index.html,22,/static/css/academy.css?v=20260901-2,code/config
guides/printer-setup/index.html,23,/static/css/guide-article.css,code/config
guides/printer-setup/index.html,24,/static/js/ga-consent.js,code/config
guides/printer-setup/index.html,25,/static/js/ga-events.js,code/config
guides/printer-setup/index.html,26,/static/css/legal-links.css,code/config
guides/printer-setup/index.html,33,/app_icon.ico,code/config
guides/printer-setup/index.html,37,/guides/,code/config
guides/printer-setup/index.html,38,/download/,code/config
guides/printer-setup/index.html,46,/guides/,code/config
guides/printer-setup/index.html,122,/guides/windows-installation/,code/config
guides/printer-setup/index.html,123,/download/,code/config
guides/printer-setup/index.html,137,/guides/,code/config
guides/printer-setup/index.html,138,/download/,code/config
guides/printer-setup/index.html,144,/eula/,code/config
guides/printer-setup/index.html,144,/dpa/,code/config
guides/printer-setup/index.html,144,/cookies/,code/config
guides/printer-setup/index.html,144,/subprocessors/,code/config
guides/printer-setup/index.html,144,/privacy/,code/config
guides/printer-setup/index.html,144,/terms/,code/config
guides/printer-setup/index.html,144,/legal/,code/config
